create_time,distance,count,source_type,day_time,speed,deviceuuid,pkg_name,update_time,binning_data,datauuid,calorie,source_pkg_name,
2022-04-13 09:46:26.708,6456.06,8263,-2,1649808000000,1.5764172,VfS0qUERdZ,com.sec.android.app.shealth,2022-04-14 04:35:20.030,a34991a5-9e9e-478c-970a-a872f63568ea.binning_data.json,a34991a5-9e9e-478c-970a-a872f63568ea,259.88998,com.sec.android.app.shealth,
2022-04-14 04:35:19.906,6456.06,8263,0,1649808000000,1.8925,f7d3tEJoPd,com.sec.android.app.shealth,2022-04-14 04:35:19.906,ffbb2cdc-71c7-40fb-bda8-f869340147eb.binning_data.json,ffbb2cdc-71c7-40fb-bda8-f869340147eb,259.88998,com.sec.android.app.shealth,
2022-04-17 07:51:49.224,4615.21,6001,0,1650067200000,1.8888888,f7d3tEJoPd,com.sec.android.app.shealth,2022-04-17 07:51:49.224,b63f53e5-d2d0-43f0-8d1b-b74dcf308428.binning_data.json,b63f53e5-d2d0-43f0-8d1b-b74dcf308428,194.58,com.sec.android.app.shealth,
2022-04-16 08:00:48.975,4615.21,6001,-2,1650067200000,1.4654295,VfS0qUERdZ,com.sec.android.app.shealth,2022-04-16 21:21:07.936,7124aaf8-ddb8-4466-9a3f-05475c6b5871.binning_data.json,7124aaf8-ddb8-4466-9a3f-05475c6b5871,194.58,com.sec.android.app.shealth,
2022-04-20 04:33:40.092,6516.18,8333,0,1650326400000,1.9543333,f7d3tEJoPd,com.sec.android.app.shealth,2022-04-20 04:33:40.092,39bed8cf-652a-4b16-a6ea-1c30e9c195c7.binning_data.json,39bed8cf-652a-4b16-a6ea-1c30e9c195c7,262.59,com.sec.android.app.shealth,
2022-04-19 04:33:56.818,6516.18,8333,-2,1650326400000,1.570457,VfS0qUERdZ,com.sec.android.app.shealth,2022-04-19 21:43:07.444,4d7f0145-b210-41fc-b542-70dd5030b814.binning_data.json,4d7f0145-b210-41fc-b542-70dd5030b814,262.59,com.sec.android.app.shealth,
2022-04-15 04:34:33.395,6915.75,8906,0,1649894400000,1.8291667,f7d3tEJoPd,com.sec.android.app.shealth,2022-04-15 04:34:33.395,5f3a88a2-9eb2-46b6-8266-f2fe8a43ccaf.binning_data.json,5f3a88a2-9eb2-46b6-8266-f2fe8a43ccaf,287.9,com.sec.android.app.shealth,
2022-04-14 04:57:53.612,6915.75,8906,-2,1649894400000,1.5275415,VfS0qUERdZ,com.sec.android.app.shealth,2022-04-14 21:25:41.733,ecf04249-0fe9-4cee-b2da-c72f7514543c.binning_data.json,ecf04249-0fe9-4cee-b2da-c72f7514543c,287.9,com.sec.android.app.shealth,
2022-04-17 07:53:03.637,19193.74,24199,-2,1650153600000,1.6957538,VfS0qUERdZ,com.sec.android.app.shealth,2022-04-17 20:53:58.672,9bc59f75-20d0-4ef2-b212-d9354128f4d7.binning_data.json,9bc59f75-20d0-4ef2-b212-d9354128f4d7,747.58,com.sec.android.app.shealth,
2022-04-18 07:43:04.474,19193.74,24199,0,1650153600000,1.947,f7d3tEJoPd,com.sec.android.app.shealth,2022-04-18 07:43:04.474,8548ab38-e640-4222-ad67-13e9b7a8b913.binning_data.json,8548ab38-e640-4222-ad67-13e9b7a8b913,747.58,com.sec.android.app.shealth,
2022-04-20 04:33:50.490,7830.23,10030,-2,1650412800000,1.5653785,VfS0qUERdZ,com.sec.android.app.shealth,2022-04-21 04:34:30.185,c9242a61-8b63-41e1-ab30-371e933211c2.binning_data.json,c9242a61-8b63-41e1-ab30-371e933211c2,318.51,com.sec.android.app.shealth,
2022-04-21 04:34:30.064,7830.23,10030,0,1650412800000,1.9678334,f7d3tEJoPd,com.sec.android.app.shealth,2022-04-21 04:34:30.064,c4faea6d-7201-41d1-89c6-a18aaf4f6011.binning_data.json,c4faea6d-7201-41d1-89c6-a18aaf4f6011,318.51,com.sec.android.app.shealth,
2022-04-23 07:47:02.065,4346.19,5650,-2,1650672000000,1.4364194,VfS0qUERdZ,com.sec.android.app.shealth,2022-04-23 21:15:02.280,45735b8d-84bd-4e31-b4b8-09bcf44d090d.binning_data.json,45735b8d-84bd-4e31-b4b8-09bcf44d090d,191.95,com.sec.android.app.shealth,
2022-04-26 04:51:17.787,7158.15,9166,-2,1650931200000,1.5696146,VfS0qUERdZ,com.sec.android.app.shealth,2022-04-26 20:16:18.847,96fd683d-1a0a-4e2a-8083-a14ed7eb63a5.binning_data.json,96fd683d-1a0a-4e2a-8083-a14ed7eb63a5,288.72,com.sec.android.app.shealth,
2022-04-23 07:43:45.479,7385.27,9438,0,1650585600000,1.9543333,f7d3tEJoPd,com.sec.android.app.shealth,2022-04-23 07:43:45.479,b14b6566-6c61-4734-9fc8-758d7a82be2d.binning_data.json,b14b6566-6c61-4734-9fc8-758d7a82be2d,302.53,com.sec.android.app.shealth,
2022-04-26 04:32:59.901,5822.82,7560,0,1650844800000,1.7713336,f7d3tEJoPd,com.sec.android.app.shealth,2022-04-26 04:32:59.901,977d168e-dbc9-4871-9606-c1647fe0bf5f.binning_data.json,977d168e-dbc9-4871-9606-c1647fe0bf5f,243.9,com.sec.android.app.shealth,
2022-04-15 04:35:01.040,6835.46,8752,-2,1649980800000,1.5601921,VfS0qUERdZ,com.sec.android.app.shealth,2022-04-15 21:55:01.571,ada58861-def5-44bb-94b4-9becfa3defaa.binning_data.json,ada58861-def5-44bb-94b4-9becfa3defaa,283.63998,com.sec.android.app.shealth,
2022-04-29 04:33:33.250,6917.57,8916,0,1651104000000,1.8256377,f7d3tEJoPd,com.sec.android.app.shealth,2022-04-29 04:33:33.250,33578a61-79ef-44cf-ac2d-2cd778bf9d38.binning_data.json,33578a61-79ef-44cf-ac2d-2cd778bf9d38,298.79,com.sec.android.app.shealth,
2022-04-18 07:57:51.810,5930.21,7551,-2,1650240000000,1.6126248,VfS0qUERdZ,com.sec.android.app.shealth,2022-04-18 21:21:58.637,43ee6a56-4507-446f-8d8c-8a23cd72024d.binning_data.json,43ee6a56-4507-446f-8d8c-8a23cd72024d,232.46,com.sec.android.app.shealth,
2022-05-02 04:34:54.042,6028.78,7712,0,1651363200000,1.76,f7d3tEJoPd,com.sec.android.app.shealth,2022-05-02 04:34:54.042,7eb3b513-ad38-4904-9cb2-50595ceedf34.binning_data.json,7eb3b513-ad38-4904-9cb2-50595ceedf34,236.27,com.sec.android.app.shealth,
2022-04-21 05:04:00.967,6297.77,8034,-2,1650499200000,1.5884084,VfS0qUERdZ,com.sec.android.app.shealth,2022-04-21 21:15:45.665,9295793c-a1e8-4684-8d5c-55b18346547d.binning_data.json,9295793c-a1e8-4684-8d5c-55b18346547d,253.61,com.sec.android.app.shealth,
2022-05-04 22:20:14.840,4283.28,5417,0,1651622400000,1.9359999,f7d3tEJoPd,com.sec.android.app.shealth,2022-05-04 22:20:14.840,d128765a-3456-444b-a0db-255a09f193dc.binning_data.json,d128765a-3456-444b-a0db-255a09f193dc,173.09,com.sec.android.app.shealth,
2022-04-24 08:47:14.582,4581.78,5942,-2,1650758400000,1.4852146,VfS0qUERdZ,com.sec.android.app.shealth,2022-04-24 21:56:20.589,d87198dc-32ee-4298-b412-2127d2b88db0.binning_data.json,d87198dc-32ee-4298-b412-2127d2b88db0,189.69,com.sec.android.app.shealth,
2022-05-06 23:00:16.872,5138.96,6694,0,1651881600000,1.8861665,f7d3tEJoPd,com.sec.android.app.shealth,2022-05-08 07:01:46.622,faac65a2-fff5-428e-8552-c3798549fd50.binning_data.json,faac65a2-fff5-428e-8552-c3798549fd50,220.63,com.sec.android.app.shealth,
2022-04-27 04:55:59.046,6750.06,8631,-2,1651017600000,1.577572,VfS0qUERdZ,com.sec.android.app.shealth,2022-04-27 21:07:33.358,b129904f-12a5-484f-9324-bef717182aa5.binning_data.json,b129904f-12a5-484f-9324-bef717182aa5,272.99,com.sec.android.app.shealth,
2022-04-29 04:35:07.457,8732.12,11088,-2,1651190400000,1.6376595,VfS0qUERdZ,com.sec.android.app.shealth,2022-04-29 21:22:17.794,668064a6-6c25-4431-bd8c-5c16dcc1e00b.binning_data.json,668064a6-6c25-4431-bd8c-5c16dcc1e00b,344.0,com.sec.android.app.shealth,
2022-04-24 08:17:42.126,4346.19,5650,0,1650672000000,2.0000002,f7d3tEJoPd,com.sec.android.app.shealth,2022-04-24 08:17:42.126,b39035b3-77f5-4c2d-a1eb-0e7993ad7898.binning_data.json,b39035b3-77f5-4c2d-a1eb-0e7993ad7898,191.95,com.sec.android.app.shealth,
2022-05-02 04:35:21.135,7099.57,9070,-2,1651449600000,1.5837057,VfS0qUERdZ,com.sec.android.app.shealth,2022-05-03 04:35:38.265,bb4ac366-4347-49f6-ad40-f3750332ab20.binning_data.json,bb4ac366-4347-49f6-ad40-f3750332ab20,286.4,com.sec.android.app.shealth,
2022-04-16 07:40:48.983,6835.46,8752,0,1649980800000,1.9314998,f7d3tEJoPd,com.sec.android.app.shealth,2022-04-16 07:40:48.983,d771c625-19d9-49b6-b14a-720f6dbda694.binning_data.json,d771c625-19d9-49b6-b14a-720f6dbda694,283.63998,com.sec.android.app.shealth,
2022-04-27 04:29:29.505,7158.15,9166,0,1650931200000,1.8765,f7d3tEJoPd,com.sec.android.app.shealth,2022-04-27 04:29:29.505,bbf366f4-f3b0-43ba-841a-f70eefff4111.binning_data.json,bbf366f4-f3b0-43ba-841a-f70eefff4111,288.72,com.sec.android.app.shealth,
2022-05-05 05:03:15.459,5891.17,7463,-2,1651708800000,1.6399896,VfS0qUERdZ,com.sec.android.app.shealth,2022-05-05 20:10:15.005,ab82c39b-bee3-4325-bbea-a7842b21fed4.binning_data.json,ab82c39b-bee3-4325-bbea-a7842b21fed4,232.52,com.sec.android.app.shealth,
2022-04-19 04:33:49.920,5930.21,7551,0,1650240000000,1.7733334,f7d3tEJoPd,com.sec.android.app.shealth,2022-04-19 04:33:49.920,954f76e7-a651-41d0-989f-015809a18e7b.binning_data.json,954f76e7-a651-41d0-989f-015809a18e7b,232.46,com.sec.android.app.shealth,
2022-04-30 07:50:50.620,8732.12,11088,0,1651190400000,1.8611667,f7d3tEJoPd,com.sec.android.app.shealth,2022-04-30 07:50:50.620,c6b65a25-72de-4532-a35b-41dd555f8200.binning_data.json,c6b65a25-72de-4532-a35b-41dd555f8200,344.0,com.sec.android.app.shealth,
2022-05-08 07:51:07.591,7395.44,9701,-2,1651968000000,1.4037985,VfS0qUERdZ,com.sec.android.app.shealth,2022-05-08 21:18:11.294,f8144b2a-2c01-4f73-8a96-ee01ac109cae.binning_data.json,f8144b2a-2c01-4f73-8a96-ee01ac109cae,343.58,com.sec.android.app.shealth,
2022-05-03 04:35:38.021,7099.57,9070,0,1651449600000,1.948,f7d3tEJoPd,com.sec.android.app.shealth,2022-05-03 04:35:38.021,c3b1352e-99b0-4e56-971b-6ea849249be5.binning_data.json,c3b1352e-99b0-4e56-971b-6ea849249be5,286.4,com.sec.android.app.shealth,
2022-04-22 04:34:33.584,6297.77,8034,0,1650499200000,1.896,f7d3tEJoPd,com.sec.android.app.shealth,2022-04-22 04:34:33.584,8f02b0aa-7e5b-488f-8919-b5ab69fceb46.binning_data.json,8f02b0aa-7e5b-488f-8919-b5ab69fceb46,253.61,com.sec.android.app.shealth,
2022-05-11 04:33:48.395,7595.78,9754,-2,1652227200000,1.5459822,VfS0qUERdZ,com.sec.android.app.shealth,2022-05-11 20:10:39.120,080912fc-ba8a-4bd4-8099-8af9005b60e7.binning_data.json,080912fc-ba8a-4bd4-8099-8af9005b60e7,315.22,com.sec.android.app.shealth,
2022-05-06 04:35:09.224,5891.17,7463,0,1651708800000,1.968,f7d3tEJoPd,com.sec.android.app.shealth,2022-05-06 04:35:09.224,a1ff1d6f-631b-42fa-8e4d-7d4c599c11f7.binning_data.json,a1ff1d6f-631b-42fa-8e4d-7d4c599c11f7,232.52,com.sec.android.app.shealth,
2022-04-24 22:01:35.385,4581.78,5942,0,1650758400000,1.7679998,f7d3tEJoPd,com.sec.android.app.shealth,2022-04-24 22:01:35.385,27081fd4-a5ea-46e9-8d8d-30c1c0b89386.binning_data.json,27081fd4-a5ea-46e9-8d8d-30c1c0b89386,189.69,com.sec.android.app.shealth,
2022-05-14 07:45:12.933,6368.64,8125,-2,1652486400000,1.5986775,VfS0qUERdZ,com.sec.android.app.shealth,2022-05-15 06:54:53.076,37c145e4-7b7e-4f28-ba2c-43451ae48175.binning_data.json,37c145e4-7b7e-4f28-ba2c-43451ae48175,254.43,com.sec.android.app.shealth,
2022-05-11 04:33:38.430,7135.79,9053,0,1652140800000,1.8639998,f7d3tEJoPd,com.sec.android.app.shealth,2022-05-11 04:33:38.430,9cd8e255-2afd-4411-8f14-feff0378ed7f.binning_data.json,9cd8e255-2afd-4411-8f14-feff0378ed7f,281.9,com.sec.android.app.shealth,
2022-04-28 04:32:04.187,6750.06,8631,0,1651017600000,1.8765,f7d3tEJoPd,com.sec.android.app.shealth,2022-04-28 04:32:04.187,50fffeb6-5fe0-4ff3-8a26-ed609ebb2999.binning_data.json,50fffeb6-5fe0-4ff3-8a26-ed609ebb2999,272.99,com.sec.android.app.shealth,
2022-05-09 04:35:44.148,7395.44,9701,0,1651968000000,1.6853334,f7d3tEJoPd,com.sec.android.app.shealth,2022-05-09 04:35:44.148,98ece7f9-6941-4af6-931f-fa2ed1866589.binning_data.json,98ece7f9-6941-4af6-931f-fa2ed1866589,343.58,com.sec.android.app.shealth,
2022-05-17 14:32:39.275,18931.24,24822,-2,1652745600000,1.3961776,VfS0qUERdZ,com.sec.android.app.shealth,2022-05-18 03:03:49.084,bc7977f6-097c-488f-9fcf-0b94bcc4e97a.binning_data.json,bc7977f6-097c-488f-9fcf-0b94bcc4e97a,857.66,com.sec.android.app.shealth,
2022-04-22 05:00:00.427,7385.27,9438,-2,1650585600000,1.5742267,VfS0qUERdZ,com.sec.android.app.shealth,2022-04-23 07:43:45.678,9b20a4e1-438a-4e69-85ab-baab0cb087f4.binning_data.json,9b20a4e1-438a-4e69-85ab-baab0cb087f4,302.53,com.sec.android.app.shealth,
2022-04-30 08:30:50.951,8008.29,10458,-2,1651276800000,1.4166932,VfS0qUERdZ,com.sec.android.app.shealth,2022-04-30 20:50:53.169,ef2eb4cc-c347-4919-b46c-b3dfb5c2633f.binning_data.json,ef2eb4cc-c347-4919-b46c-b3dfb5c2633f,370.34,com.sec.android.app.shealth,
2022-04-30 22:33:35.129,8008.29,10458,0,1651276800000,1.8055555,f7d3tEJoPd,com.sec.android.app.shealth,2022-04-30 22:33:35.129,9b98119c-d5ec-4464-a9c2-6c3f726fa1cf.binning_data.json,9b98119c-d5ec-4464-a9c2-6c3f726fa1cf,370.34,com.sec.android.app.shealth,
2022-05-12 04:34:41.033,7595.78,9754,0,1652227200000,1.9543333,f7d3tEJoPd,com.sec.android.app.shealth,2022-05-12 04:34:41.033,8a731269-c2b8-4975-97eb-59c8730beb1c.binning_data.json,8a731269-c2b8-4975-97eb-59c8730beb1c,315.22,com.sec.android.app.shealth,
2022-05-20 13:15:39.227,11572.71,15238,-2,1653004800000,1.358374,VfS0qUERdZ,com.sec.android.app.shealth,2022-05-21 02:14:06.218,b557f4e1-c4ef-430d-85bb-29856f295e6e.binning_data.json,b557f4e1-c4ef-430d-85bb-29856f295e6e,539.39,com.sec.android.app.shealth,
2022-04-25 08:47:11.933,5822.82,7560,-2,1650844800000,1.471207,VfS0qUERdZ,com.sec.android.app.shealth,2022-04-25 20:53:41.567,3115ed01-f968-4fb9-8b89-60412875799b.binning_data.json,3115ed01-f968-4fb9-8b89-60412875799b,243.9,com.sec.android.app.shealth,
2022-05-04 04:35:40.770,7923.93,10143,0,1651536000000,1.968,f7d3tEJoPd,com.sec.android.app.shealth,2022-05-04 04:35:40.770,a4847759-5fdb-44ba-a4d8-eb84dd522e3f.binning_data.json,a4847759-5fdb-44ba-a4d8-eb84dd522e3f,325.19,com.sec.android.app.shealth,
2022-05-14 07:36:26.989,8877.18,11404,0,1652400000000,2.8055553,f7d3tEJoPd,com.sec.android.app.shealth,2022-05-14 07:36:26.989,6a618d86-38b8-4819-b381-65e2f91a2202.binning_data.json,6a618d86-38b8-4819-b381-65e2f91a2202,381.17,com.sec.android.app.shealth,
2022-05-15 06:54:52.782,6368.64,8125,0,1652486400000,1.8333335,f7d3tEJoPd,com.sec.android.app.shealth,2022-05-15 06:54:52.782,698f7d55-6245-474d-bf04-f73cb4bbc116.binning_data.json,698f7d55-6245-474d-bf04-f73cb4bbc116,254.43,com.sec.android.app.shealth,
2022-05-23 13:46:05.973,8458.63,10917,-2,1653264000000,1.488598,VfS0qUERdZ,com.sec.android.app.shealth,2022-05-24 04:14:16.928,187bd49d-e78c-4517-bffc-95176a19189e.binning_data.json,187bd49d-e78c-4517-bffc-95176a19189e,357.99,com.sec.android.app.shealth,
2022-04-28 04:32:09.759,6917.57,8916,-2,1651104000000,1.5329167,VfS0qUERdZ,com.sec.android.app.shealth,2022-04-28 19:35:14.325,3c1eddf7-b1e4-47dc-a714-2985a3f47d03.binning_data.json,3c1eddf7-b1e4-47dc-a714-2985a3f47d03,298.79,com.sec.android.app.shealth,
2022-05-03 05:03:47.300,7923.93,10143,-2,1651536000000,1.5640507,VfS0qUERdZ,com.sec.android.app.shealth,2022-05-03 20:51:59.807,7a315f98-6cde-4777-b858-76c75d1905cf.binning_data.json,7a315f98-6cde-4777-b858-76c75d1905cf,325.19,com.sec.android.app.shealth,
2022-05-18 10:50:31.183,18931.24,24822,0,1652745600000,1.8055556,f7d3tEJoPd,com.sec.android.app.shealth,2022-05-18 10:50:31.183,1a70c3a3-5d49-436a-8967-87f9ffc37c2b.binning_data.json,1a70c3a3-5d49-436a-8967-87f9ffc37c2b,857.66,com.sec.android.app.shealth,
2022-05-26 04:32:23.230,8079.66,10278,-2,1653523200000,1.6233085,VfS0qUERdZ,com.sec.android.app.shealth,2022-05-27 04:35:29.043,20f8ce14-00c1-44c3-bafe-aed2f29b9324.binning_data.json,20f8ce14-00c1-44c3-bafe-aed2f29b9324,319.23,com.sec.android.app.shealth,
2022-05-01 08:21:23.541,6028.78,7712,-2,1651363200000,1.5849416,VfS0qUERdZ,com.sec.android.app.shealth,2022-05-01 21:00:34.727,01f280d9-3b44-4c04-99b8-4ee644d972d5.binning_data.json,01f280d9-3b44-4c04-99b8-4ee644d972d5,236.27,com.sec.android.app.shealth,
2022-05-21 11:55:33.201,11572.71,15238,0,1653004800000,2.0000005,f7d3tEJoPd,com.sec.android.app.shealth,2022-05-21 11:55:33.201,1fee04fd-9f46-4d2b-a8a8-58b6d1898745.binning_data.json,1fee04fd-9f46-4d2b-a8a8-58b6d1898745,539.39,com.sec.android.app.shealth,
2022-05-06 22:40:33.582,5138.96,6694,-2,1651881600000,1.440794,VfS0qUERdZ,com.sec.android.app.shealth,2022-05-07 20:51:20.262,46f8a024-85f9-47c4-9c63-8b6aa87db33e.binning_data.json,46f8a024-85f9-47c4-9c63-8b6aa87db33e,220.63,com.sec.android.app.shealth,
2022-05-29 08:23:38.276,6238.57,7929,-2,1653782400000,1.611166,VfS0qUERdZ,com.sec.android.app.shealth,2022-05-29 20:51:04.414,cdf2332e-6d8c-49f6-913e-865072d8b6fd.binning_data.json,cdf2332e-6d8c-49f6-913e-865072d8b6fd,253.08,com.sec.android.app.shealth,
2022-05-04 05:02:30.038,4283.28,5417,-2,1651622400000,1.6510957,VfS0qUERdZ,com.sec.android.app.shealth,2022-05-04 20:32:38.054,dadd34d4-538c-42b6-a2b0-4b9947f7d239.binning_data.json,dadd34d4-538c-42b6-a2b0-4b9947f7d239,173.09,com.sec.android.app.shealth,
2022-05-17 14:11:57.666,8254.32,10744,0,1652659200000,1.8036667,f7d3tEJoPd,com.sec.android.app.shealth,2022-05-17 14:11:57.666,0950d70d-3452-4ae2-aa80-2ed0ea0e45fe.binning_data.json,0950d70d-3452-4ae2-aa80-2ed0ea0e45fe,358.61,com.sec.android.app.shealth,
2022-05-24 04:14:16.374,8458.63,10917,0,1653264000000,1.8636665,f7d3tEJoPd,com.sec.android.app.shealth,2022-05-24 04:14:16.374,2b4caa57-496d-43bd-8b4f-600ac99fcb5f.binning_data.json,2b4caa57-496d-43bd-8b4f-600ac99fcb5f,357.99,com.sec.android.app.shealth,
2022-05-06 05:11:06.099,4150.03,5230,-2,1651795200000,1.6798154,VfS0qUERdZ,com.sec.android.app.shealth,2022-05-06 23:09:00.161,19abfd29-5fe9-4179-864a-7098ed42a03e.binning_data.json,19abfd29-5fe9-4179-864a-7098ed42a03e,164.9,com.sec.android.app.shealth,
2022-05-10 04:38:01.907,7043.3,9082,0,1652054400000,2.2500002,f7d3tEJoPd,com.sec.android.app.shealth,2022-05-10 04:38:01.907,cd53684b-e90c-4ba0-995e-a0ad831a7685.binning_data.json,cd53684b-e90c-4ba0-995e-a0ad831a7685,295.15,com.sec.android.app.shealth,
2022-06-01 04:52:56.621,9309.49,11995,-2,1654041600000,1.523217,VfS0qUERdZ,com.sec.android.app.shealth,2022-06-01 21:36:10.763,1eaf3bc1-20bb-4e54-8b0b-9dd3e8f44487.binning_data.json,1eaf3bc1-20bb-4e54-8b0b-9dd3e8f44487,390.84,com.sec.android.app.shealth,
2022-05-06 22:55:12.488,4150.03,5230,0,1651795200000,1.9623333,f7d3tEJoPd,com.sec.android.app.shealth,2022-05-06 22:55:12.488,095beff7-926e-423a-855c-469532d2161b.binning_data.json,095beff7-926e-423a-855c-469532d2161b,164.9,com.sec.android.app.shealth,
2022-05-27 04:35:18.528,8079.66,10278,0,1653523200000,1.7733334,f7d3tEJoPd,com.sec.android.app.shealth,2022-05-27 04:35:18.528,ac78745c-f04b-478f-9c97-33859b5010ab.binning_data.json,ac78745c-f04b-478f-9c97-33859b5010ab,319.23,com.sec.android.app.shealth,
2022-05-10 04:38:09.131,7135.79,9053,-2,1652140800000,1.6357906,VfS0qUERdZ,com.sec.android.app.shealth,2022-05-10 20:55:24.419,3f185de7-7b49-4470-8ca9-2d08338bcc27.binning_data.json,3f185de7-7b49-4470-8ca9-2d08338bcc27,281.9,com.sec.android.app.shealth,
2022-06-04 04:52:25.201,7882.21,10169,-2,1654300800000,1.5064323,VfS0qUERdZ,com.sec.android.app.shealth,2022-06-04 21:19:22.326,dd6d3a2e-6c75-422a-b515-839d5e021aa0.binning_data.json,dd6d3a2e-6c75-422a-b515-839d5e021aa0,331.07,com.sec.android.app.shealth,
2022-05-20 12:47:16.743,13435.33,17592,0,1652918400000,2.3333333,f7d3tEJoPd,com.sec.android.app.shealth,2022-05-20 12:47:16.743,5ed0f6d7-2ad9-4443-93c5-7f250c9d2d62.binning_data.json,5ed0f6d7-2ad9-4443-93c5-7f250c9d2d62,617.6,com.sec.android.app.shealth,
2022-05-29 22:06:53.690,6238.57,7929,0,1653782400000,2.8333333,f7d3tEJoPd,com.sec.android.app.shealth,2022-05-29 22:06:53.690,2aed0597-d1e6-4aca-93f3-97edd1c0885c.binning_data.json,2aed0597-d1e6-4aca-93f3-97edd1c0885c,253.08,com.sec.android.app.shealth,
2022-05-13 05:13:38.514,8877.18,11404,-2,1652400000000,1.5306174,VfS0qUERdZ,com.sec.android.app.shealth,2022-05-13 21:23:01.488,fea12be9-6da7-4487-a4cc-5f27d3c0d65c.binning_data.json,fea12be9-6da7-4487-a4cc-5f27d3c0d65c,381.17,com.sec.android.app.shealth,
2022-06-07 05:02:59.708,12326.011,15563,-2,1654560000000,1.6663432,VfS0qUERdZ,com.sec.android.app.shealth,2022-06-07 20:24:45.680,c196fa18-a5b8-43b0-98a2-73bfe679edea.binning_data.json,c196fa18-a5b8-43b0-98a2-73bfe679edea,482.96997,com.sec.android.app.shealth,
2022-05-09 04:57:52.472,7043.3,9082,-2,1652054400000,1.5116684,VfS0qUERdZ,com.sec.android.app.shealth,2022-05-09 21:19:20.160,16c9c571-75b3-49ea-879c-26cb305390ce.binning_data.json,16c9c571-75b3-49ea-879c-26cb305390ce,295.15,com.sec.android.app.shealth,
2022-05-13 04:36:28.398,8680.66,11055,0,1652313600000,1.8055556,f7d3tEJoPd,com.sec.android.app.shealth,2022-05-13 04:36:28.398,9d7d3ef2-be8d-4534-b960-3044267fff28.binning_data.json,9d7d3ef2-be8d-4534-b960-3044267fff28,343.43,com.sec.android.app.shealth,
2022-06-01 22:00:44.970,9309.49,11995,0,1654041600000,1.9444443,f7d3tEJoPd,com.sec.android.app.shealth,2022-06-01 22:00:44.970,84177de3-e560-47c8-9a50-b68ec7535cc0.binning_data.json,84177de3-e560-47c8-9a50-b68ec7535cc0,390.84,com.sec.android.app.shealth,
2022-05-16 05:54:13.391,8254.32,10744,-2,1652659200000,1.4458767,VfS0qUERdZ,com.sec.android.app.shealth,2022-05-17 01:55:01.527,21aa62ba-c301-41b1-ada6-0bc2a7bf8f79.binning_data.json,21aa62ba-c301-41b1-ada6-0bc2a7bf8f79,358.61,com.sec.android.app.shealth,
2022-06-10 04:29:43.607,9482.26,12118,-2,1654819200000,1.5750369,VfS0qUERdZ,com.sec.android.app.shealth,2022-06-10 21:32:26.079,64d98125-6f67-4408-aa57-e8780be057ba.binning_data.json,64d98125-6f67-4408-aa57-e8780be057ba,380.93997,com.sec.android.app.shealth,
2022-06-05 08:21:21.093,7882.21,10169,0,1654300800000,1.7261667,f7d3tEJoPd,com.sec.android.app.shealth,2022-06-05 08:21:21.093,9530bbb9-d247-4a93-8bae-acbccf675418.binning_data.json,9530bbb9-d247-4a93-8bae-acbccf675418,331.07,com.sec.android.app.shealth,
2022-05-23 13:01:54.525,14040.79,18307,0,1653177600000,1.9082648,f7d3tEJoPd,com.sec.android.app.shealth,2022-05-23 13:01:54.525,8a97d111-8791-4534-93a3-39f478a97282.binning_data.json,8a97d111-8791-4534-93a3-39f478a97282,623.88,com.sec.android.app.shealth,
2022-05-19 14:05:40.311,13435.33,17592,-2,1652918400000,1.4068861,VfS0qUERdZ,com.sec.android.app.shealth,2022-05-20 00:19:58.674,9446a26c-6cf1-4664-8c3e-3c9e5d155eb8.binning_data.json,9446a26c-6cf1-4664-8c3e-3c9e5d155eb8,617.6,com.sec.android.app.shealth,
2022-06-12 22:16:54.936,8284.21,10669,-2,1655078400000,1.5254488,VfS0qUERdZ,com.sec.android.app.shealth,2022-06-13 21:41:07.058,258bebe5-d10d-4a4f-9200-8b69614817d9.binning_data.json,258bebe5-d10d-4a4f-9200-8b69614817d9,338.4599,com.sec.android.app.shealth,
2022-05-16 05:01:11.372,7165.56,9112,0,1652572800000,2.7777774,f7d3tEJoPd,com.sec.android.app.shealth,2022-05-16 05:01:11.372,f03258cb-fa1e-4f75-a977-0ea1627a2dd2.binning_data.json,f03258cb-fa1e-4f75-a977-0ea1627a2dd2,289.9,com.sec.android.app.shealth,
2022-06-08 04:32:54.711,12326.011,15563,0,1654560000000,2.0833333,f7d3tEJoPd,com.sec.android.app.shealth,2022-06-08 04:32:54.711,2a6fa5c1-d280-4f00-974b-1fe33e3a7a03.binning_data.json,2a6fa5c1-d280-4f00-974b-1fe33e3a7a03,482.96997,com.sec.android.app.shealth,
2022-05-12 04:56:16.395,8680.66,11055,-2,1652313600000,1.6147367,VfS0qUERdZ,com.sec.android.app.shealth,2022-05-12 20:57:00.323,4fc315d7-4747-4b00-9dd9-94776109f537.binning_data.json,4fc315d7-4747-4b00-9dd9-94776109f537,343.43,com.sec.android.app.shealth,
2022-05-22 13:50:27.962,14040.79,18307,-2,1653177600000,1.4368234,VfS0qUERdZ,com.sec.android.app.shealth,2022-05-23 13:01:54.819,c67168e4-0bf4-4c2b-a2bc-98503ce935b9.binning_data.json,c67168e4-0bf4-4c2b-a2bc-98503ce935b9,623.88,com.sec.android.app.shealth,
2022-06-15 22:07:30.513,8445.7,10882,-2,1655337600000,1.5190398,VfS0qUERdZ,com.sec.android.app.shealth,2022-06-16 21:47:29.023,1430c763-22b1-4627-a43a-d2dcfd98e201.binning_data.json,1430c763-22b1-4627-a43a-d2dcfd98e201,348.45996,com.sec.android.app.shealth,
2022-05-19 04:00:01.619,21275.98,27493,0,1652832000000,1.8055556,f7d3tEJoPd,com.sec.android.app.shealth,2022-05-19 04:00:01.619,4367c876-2860-40b6-a781-c4e6346f02b0.binning_data.json,4367c876-2860-40b6-a781-c4e6346f02b0,894.41,com.sec.android.app.shealth,
2022-06-10 22:00:01.315,9482.26,12118,0,1654819200000,1.8133337,f7d3tEJoPd,com.sec.android.app.shealth,2022-06-10 22:00:01.315,ec1c392b-f558-4516-b969-b588cb8304ad.binning_data.json,ec1c392b-f558-4516-b969-b588cb8304ad,380.93997,com.sec.android.app.shealth,
2022-05-25 04:36:27.645,6786.66,8688,-2,1653436800000,1.5806599,VfS0qUERdZ,com.sec.android.app.shealth,2022-05-26 04:32:18.325,97235b4b-7407-4735-ae78-a883bac59f07.binning_data.json,97235b4b-7407-4735-ae78-a883bac59f07,269.41,com.sec.android.app.shealth,
2022-06-18 22:06:42.879,7202.41,9232,-2,1655596800000,1.5588901,VfS0qUERdZ,com.sec.android.app.shealth,2022-06-19 21:33:14.751,08e6af3d-8578-4318-a49e-e7419819cbde.binning_data.json,08e6af3d-8578-4318-a49e-e7419819cbde,294.46,com.sec.android.app.shealth,
2022-05-26 04:32:17.914,6786.66,8688,0,1653436800000,1.76,f7d3tEJoPd,com.sec.android.app.shealth,2022-05-26 04:32:17.914,524c15b3-66cd-433d-9afa-f9f47be099f7.binning_data.json,524c15b3-66cd-433d-9afa-f9f47be099f7,269.41,com.sec.android.app.shealth,
2022-06-14 04:32:46.028,8284.21,10669,0,1655078400000,1.7780002,f7d3tEJoPd,com.sec.android.app.shealth,2022-06-14 04:32:46.028,b416f6c9-a303-4495-b106-d341ca4fdacd.binning_data.json,b416f6c9-a303-4495-b106-d341ca4fdacd,338.4599,com.sec.android.app.shealth,
2022-05-22 13:49:04.996,17276.57,22804,0,1653091200000,1.7777778,f7d3tEJoPd,com.sec.android.app.shealth,2022-05-22 13:49:04.996,74787579-947b-40bb-9980-73cda45f75fd.binning_data.json,74787579-947b-40bb-9980-73cda45f75fd,826.29,com.sec.android.app.shealth,
2022-05-15 07:50:39.992,7129.38,9064,-2,1652572800000,1.6051587,VfS0qUERdZ,com.sec.android.app.shealth,2022-05-15 19:54:54.870,22c29212-8e7a-4797-97e5-8704bbd28961.binning_data.json,22c29212-8e7a-4797-97e5-8704bbd28961,288.25,com.sec.android.app.shealth,
2022-05-28 09:04:36.496,6090.0503,7767,-2,1653696000000,1.5907326,VfS0qUERdZ,com.sec.android.app.shealth,2022-05-28 20:35:01.942,a76f822a-7a52-4131-b713-619cc14383ee.binning_data.json,a76f822a-7a52-4131-b713-619cc14383ee,244.95999,com.sec.android.app.shealth,
2022-06-22 04:27:37.145,8964.311,11361,-2,1655856000000,1.6437831,VfS0qUERdZ,com.sec.android.app.shealth,2022-06-22 20:34:40.181,d78cb200-0baa-4c15-92ff-527390908d5a.binning_data.json,d78cb200-0baa-4c15-92ff-527390908d5a,351.82,com.sec.android.app.shealth,
2022-05-25 04:36:02.992,1717.85,2240,0,1653350400000,1.6944444,f7d3tEJoPd,com.sec.android.app.shealth,2022-05-25 04:36:02.992,3a967cb0-2dae-4b45-8776-6fd1909a0c5b.binning_data.json,3a967cb0-2dae-4b45-8776-6fd1909a0c5b,75.33,com.sec.android.app.shealth,
2022-05-31 04:51:56.503,8430.59,10739,-2,1653955200000,1.6124431,VfS0qUERdZ,com.sec.android.app.shealth,2022-06-01 04:35:43.590,9b145de6-184f-4dda-b003-68613aa0f60d.binning_data.json,9b145de6-184f-4dda-b003-68613aa0f60d,333.85,com.sec.android.app.shealth,
2022-06-25 04:38:51.220,7056.3,9162,-2,1656115200000,1.4642344,VfS0qUERdZ,com.sec.android.app.shealth,2022-06-25 20:43:00.551,f4ee0595-78f0-42e4-9ac6-ee8fe0583181.binning_data.json,f4ee0595-78f0-42e4-9ac6-ee8fe0583181,298.68,com.sec.android.app.shealth,
2022-05-29 08:05:33.105,6090.0503,7767,0,1653696000000,2.1944444,f7d3tEJoPd,com.sec.android.app.shealth,2022-05-29 08:05:33.105,1f280abd-e0b8-4e71-90fe-42bd5dffe4b5.binning_data.json,1f280abd-e0b8-4e71-90fe-42bd5dffe4b5,244.95999,com.sec.android.app.shealth,
2022-06-16 22:00:01.344,8445.7,10882,0,1655337600000,1.7383337,f7d3tEJoPd,com.sec.android.app.shealth,2022-06-16 22:00:01.344,8d5782af-2e1b-4e0e-a486-3a7e797a6e92.binning_data.json,8d5782af-2e1b-4e0e-a486-3a7e797a6e92,348.45996,com.sec.android.app.shealth,
2022-05-28 09:04:14.872,8548.05,11046,0,1653609600000,3.0,f7d3tEJoPd,com.sec.android.app.shealth,2022-05-28 09:04:14.872,8f28834c-126d-4cbe-9ce0-62a7c5a7c9d3.binning_data.json,8f28834c-126d-4cbe-9ce0-62a7c5a7c9d3,377.56,com.sec.android.app.shealth,
2022-06-03 08:19:47.666,8094.87,10380,-2,1654214400000,1.5464491,VfS0qUERdZ,com.sec.android.app.shealth,2022-06-03 20:14:39.255,0205ce42-6826-4fe4-8726-51a1ccd02ab8.binning_data.json,0205ce42-6826-4fe4-8726-51a1ccd02ab8,337.67,com.sec.android.app.shealth,
2022-06-28 04:35:01.670,6784.91,8617,-2,1656374400000,1.6279744,VfS0qUERdZ,com.sec.android.app.shealth,2022-06-28 21:28:01.790,fdb617c3-ad5d-4a21-983e-ffb20e6c8f6c.binning_data.json,fdb617c3-ad5d-4a21-983e-ffb20e6c8f6c,269.33,com.sec.android.app.shealth,
2022-05-18 12:36:26.270,21275.98,27493,-2,1652832000000,1.4968568,VfS0qUERdZ,com.sec.android.app.shealth,2022-05-19 03:55:02.172,41011957-627e-4cca-ae31-42ab6f38bf81.binning_data.json,41011957-627e-4cca-ae31-42ab6f38bf81,894.41,com.sec.android.app.shealth,
2022-05-31 04:33:24.842,8382.4,10586,0,1653868800000,1.9141668,f7d3tEJoPd,com.sec.android.app.shealth,2022-05-31 04:33:24.842,dc9b4a29-0847-4812-9e66-e47a4b241e22.binning_data.json,dc9b4a29-0847-4812-9e66-e47a4b241e22,329.77,com.sec.android.app.shealth,
2022-07-01 04:49:26.784,10742.381,13679,-2,1656633600000,1.6026031,VfS0qUERdZ,com.sec.android.app.shealth,2022-07-01 22:01:42.924,063cf6d7-c728-4310-8d4c-cff37f229c53.binning_data.json,063cf6d7-c728-4310-8d4c-cff37f229c53,427.29996,com.sec.android.app.shealth,
2022-06-06 04:34:38.768,4751.53,6062,-2,1654473600000,1.592806,VfS0qUERdZ,com.sec.android.app.shealth,2022-06-06 20:20:11.467,897f9d0e-d240-4eee-827d-d22ad193c9c0.binning_data.json,897f9d0e-d240-4eee-827d-d22ad193c9c0,192.7,com.sec.android.app.shealth,
2022-06-01 04:35:43.318,8430.59,10739,0,1653955200000,1.8133335,f7d3tEJoPd,com.sec.android.app.shealth,2022-06-01 04:35:43.318,9042588a-4146-4aaa-9dd7-6602f2e75392.binning_data.json,9042588a-4146-4aaa-9dd7-6602f2e75392,333.85,com.sec.android.app.shealth,
2022-06-03 08:14:12.675,6296.31,8000,0,1654128000000,1.8295,f7d3tEJoPd,com.sec.android.app.shealth,2022-06-03 08:14:12.675,a7eb0eb4-b03d-45f3-8284-c9d3676e82e4.binning_data.json,a7eb0eb4-b03d-45f3-8284-c9d3676e82e4,248.7,com.sec.android.app.shealth,
2022-06-19 22:00:01.209,7202.41,9232,0,1655596800000,1.7895,f7d3tEJoPd,com.sec.android.app.shealth,2022-06-19 22:00:01.209,8c69def6-0ec3-4f06-b95e-ba38fb2755a4.binning_data.json,8c69def6-0ec3-4f06-b95e-ba38fb2755a4,294.46,com.sec.android.app.shealth,
2022-07-04 04:38:59.944,10777.251,13728,-2,1656892800000,1.567773,VfS0qUERdZ,com.sec.android.app.shealth,2022-07-04 22:00:04.075,1bfab43e-e0e5-49cb-aebd-bd54c5b07a95.binning_data.json,1bfab43e-e0e5-49cb-aebd-bd54c5b07a95,451.12997,com.sec.android.app.shealth,
2022-06-09 04:37:36.553,9011.5205,11545,-2,1654732800000,1.5555748,VfS0qUERdZ,com.sec.android.app.shealth,2022-06-10 04:28:40.205,d872135f-8b06-4eae-8161-0f4c081a9dcd.binning_data.json,d872135f-8b06-4eae-8161-0f4c081a9dcd,364.96997,com.sec.android.app.shealth,
2022-06-06 04:34:06.053,5349.64,6772,0,1654387200000,2.8611112,f7d3tEJoPd,com.sec.android.app.shealth,2022-06-06 04:34:06.053,82185b3f-79d9-45bb-85cf-008ba4b9369d.binning_data.json,82185b3f-79d9-45bb-85cf-008ba4b9369d,210.34,com.sec.android.app.shealth,
2022-05-21 13:11:22.581,17276.57,22804,-2,1653091200000,1.354032,VfS0qUERdZ,com.sec.android.app.shealth,2022-05-22 01:58:55.161,51827eb9-2ef9-4734-91b5-591fcc16c10f.binning_data.json,51827eb9-2ef9-4734-91b5-591fcc16c10f,826.29,com.sec.android.app.shealth,
2022-07-07 04:31:50.968,10460.181,13431,-2,1657152000000,1.5416832,VfS0qUERdZ,com.sec.android.app.shealth,2022-07-08 04:35:27.029,01f5a670-823b-41ea-af33-bb556717e122.binning_data.json,01f5a670-823b-41ea-af33-bb556717e122,430.90997,com.sec.android.app.shealth,
2022-06-11 22:24:24.551,10193.87,13131,-2,1654992000000,1.5078564,VfS0qUERdZ,com.sec.android.app.shealth,2022-06-12 20:00:16.586,6664e732-d66b-4a15-abac-14b0b05934c8.binning_data.json,6664e732-d66b-4a15-abac-14b0b05934c8,435.31,com.sec.android.app.shealth,
2022-06-04 04:34:02.172,8094.87,10380,0,1654214400000,1.8656667,f7d3tEJoPd,com.sec.android.app.shealth,2022-06-04 04:34:02.172,8e013c9e-5bf5-4138-9149-21e2d82d0fbf.binning_data.json,8e013c9e-5bf5-4138-9149-21e2d82d0fbf,337.67,com.sec.android.app.shealth,
2022-06-09 04:33:12.545,11414.011,14576,0,1654646400000,1.8646665,f7d3tEJoPd,com.sec.android.app.shealth,2022-06-09 04:33:12.545,cd6b28b4-93b6-4803-ad8c-b631ff69bcd4.binning_data.json,cd6b28b4-93b6-4803-ad8c-b631ff69bcd4,463.12997,com.sec.android.app.shealth,
2022-07-10 05:44:30.738,9524.67,12521,-2,1657411200000,1.3639011,VfS0qUERdZ,com.sec.android.app.shealth,2022-07-10 20:33:55.707,9310d8b1-4dbd-43d6-9e2a-fc9b3330594a.binning_data.json,9310d8b1-4dbd-43d6-9e2a-fc9b3330594a,421.86,com.sec.android.app.shealth,
2022-06-15 05:00:11.757,9027.551,11509,-2,1655251200000,1.5974886,VfS0qUERdZ,com.sec.android.app.shealth,2022-06-15 21:38:26.567,d002866e-60c8-4188-bdb2-497b47f7cf13.binning_data.json,d002866e-60c8-4188-bdb2-497b47f7cf13,361.12,com.sec.android.app.shealth,
2022-06-23 04:31:53.408,8964.311,11361,0,1655856000000,1.859,f7d3tEJoPd,com.sec.android.app.shealth,2022-06-23 04:31:53.408,e4b9db81-88b7-45c6-b4c9-8d085053db14.binning_data.json,e4b9db81-88b7-45c6-b4c9-8d085053db14,351.82,com.sec.android.app.shealth,
2022-06-11 22:00:19.684,6699.11,8639,0,1654905600000,1.9722222,f7d3tEJoPd,com.sec.android.app.shealth,2022-06-11 22:00:19.684,63fd947c-7ea5-4737-91ee-39a6f7a464a9.binning_data.json,63fd947c-7ea5-4737-91ee-39a6f7a464a9,276.93,com.sec.android.app.shealth,
2022-07-13 04:32:36.933,10439.761,13361,-2,1657670400000,1.5573676,VfS0qUERdZ,com.sec.android.app.shealth,2022-07-14 04:30:24.517,4ac2f4b7-daec-4118-ac6b-bc4dbd98a74d.binning_data.json,4ac2f4b7-daec-4118-ac6b-bc4dbd98a74d,428.79996,com.sec.android.app.shealth,
2022-06-18 07:34:01.902,5214.18,6869,-2,1655510400000,1.3367392,VfS0qUERdZ,com.sec.android.app.shealth,2022-06-18 22:00:08.200,08ddd98d-62e1-43a3-bdc7-8e347f77a290.binning_data.json,08ddd98d-62e1-43a3-bdc7-8e347f77a290,235.02998,com.sec.android.app.shealth,
2022-05-24 10:08:42.181,1717.85,2240,-2,1653350400000,1.4146338,VfS0qUERdZ,com.sec.android.app.shealth,2022-05-24 19:11:46.269,c74feb84-036f-4691-9f8f-e836f67e42a2.binning_data.json,c74feb84-036f-4691-9f8f-e836f67e42a2,75.33,com.sec.android.app.shealth,
2022-06-26 07:10:27.918,7056.3,9162,0,1656115200000,2.0000002,f7d3tEJoPd,com.sec.android.app.shealth,2022-06-26 07:10:27.918,eb7e8e31-e743-4f07-bf05-0906829b7296.binning_data.json,eb7e8e31-e743-4f07-bf05-0906829b7296,298.68,com.sec.android.app.shealth,
2022-06-14 22:00:00.962,10777.171,13504,0,1655164800000,1.9722222,f7d3tEJoPd,com.sec.android.app.shealth,2022-06-14 22:00:00.962,3e93c891-24ce-4238-b2eb-b1634a54707e.binning_data.json,3e93c891-24ce-4238-b2eb-b1634a54707e,417.67996,com.sec.android.app.shealth,
2022-06-07 04:34:06.102,4751.53,6062,0,1654473600000,1.8006667,f7d3tEJoPd,com.sec.android.app.shealth,2022-06-07 04:34:06.102,d32e2999-8d3b-4b6e-9244-ace51dfc2a7e.binning_data.json,d32e2999-8d3b-4b6e-9244-ace51dfc2a7e,192.7,com.sec.android.app.shealth,
2022-06-21 04:59:25.002,10978.351,14140,-2,1655769600000,1.5181719,VfS0qUERdZ,com.sec.android.app.shealth,2022-06-21 21:31:35.657,1b2e5940-81fb-4064-9076-2a2ac0434ee3.binning_data.json,1b2e5940-81fb-4064-9076-2a2ac0434ee3,455.52994,com.sec.android.app.shealth,
2022-07-16 04:33:12.153,6817.94,8859,-2,1657929600000,1.4626955,VfS0qUERdZ,com.sec.android.app.shealth,2022-07-17 07:18:09.015,ca116931-5821-43c8-8238-abb8acf99943.binning_data.json,ca116931-5821-43c8-8238-abb8acf99943,287.91,com.sec.android.app.shealth,
2022-06-29 04:33:08.088,6784.91,8617,0,1656374400000,1.8629998,f7d3tEJoPd,com.sec.android.app.shealth,2022-06-29 04:33:08.088,a0865058-55d0-4f98-96a2-b1ab59c33385.binning_data.json,a0865058-55d0-4f98-96a2-b1ab59c33385,269.33,com.sec.android.app.shealth,
2022-06-17 22:00:01.750,8509.931,10944,0,1655424000000,1.7594998,f7d3tEJoPd,com.sec.android.app.shealth,2022-06-17 22:00:01.750,40ed2ba4-9a20-48a9-893e-1d7ea1e8da0b.binning_data.json,40ed2ba4-9a20-48a9-893e-1d7ea1e8da0b,346.99997,com.sec.android.app.shealth,
2022-07-19 04:27:43.981,9668.2,12437,-2,1658188800000,1.513137,VfS0qUERdZ,com.sec.android.app.shealth,2022-07-19 21:22:16.090,d2812dda-2232-477b-aeba-debd9bc36676.binning_data.json,d2812dda-2232-477b-aeba-debd9bc36676,400.46997,com.sec.android.app.shealth,
2022-06-24 07:52:15.745,6197.29,7912,-2,1656028800000,1.5724666,VfS0qUERdZ,com.sec.android.app.shealth,2022-06-24 22:00:04.265,b645e7b0-6c2a-42d9-a665-d05fe6055a4f.binning_data.json,b645e7b0-6c2a-42d9-a665-d05fe6055a4f,251.29999,com.sec.android.app.shealth,
2022-05-27 04:57:05.924,8548.05,11046,-2,1653609600000,1.4868321,VfS0qUERdZ,com.sec.android.app.shealth,2022-05-28 09:04:15.162,1fe5ffc1-5513-4043-86db-329735787074.binning_data.json,1fe5ffc1-5513-4043-86db-329735787074,377.56,com.sec.android.app.shealth,
2022-06-10 04:28:39.892,9011.5205,11545,0,1654732800000,1.7466666,f7d3tEJoPd,com.sec.android.app.shealth,2022-06-10 04:28:39.892,01e872c7-f86d-4ea4-850a-f7a1ee4736a4.binning_data.json,01e872c7-f86d-4ea4-850a-f7a1ee4736a4,364.96997,com.sec.android.app.shealth,
2022-07-21 22:43:35.197,7844.45,10101,-2,1658448000000,1.5157138,VfS0qUERdZ,com.sec.android.app.shealth,2022-07-23 07:01:59.264,0e46c6d9-6565-437e-8e91-72044ad35e44.binning_data.json,0e46c6d9-6565-437e-8e91-72044ad35e44,325.27997,com.sec.android.app.shealth,
2022-06-27 04:33:38.337,9612.951,12261,-2,1656288000000,1.5962666,VfS0qUERdZ,com.sec.android.app.shealth,2022-06-27 21:33:39.639,e6d1d2b6-74cc-48cf-a0db-46a46f11448b.binning_data.json,e6d1d2b6-74cc-48cf-a0db-46a46f11448b,385.56998,com.sec.android.app.shealth,
2022-07-01 22:00:08.896,10742.381,13679,0,1656633600000,3.666667,f7d3tEJoPd,com.sec.android.app.shealth,2022-07-01 22:00:08.896,e2aaae51-dbdd-42a1-8505-4eae7ca48388.binning_data.json,e2aaae51-dbdd-42a1-8505-4eae7ca48388,427.29996,com.sec.android.app.shealth,
2022-07-25 04:54:13.251,9270.971,11895,-2,1658707200000,1.5436313,VfS0qUERdZ,com.sec.android.app.shealth,2022-07-25 19:50:15.561,1a8a59e9-91cf-43f3-9c98-75c61177df41.binning_data.json,1a8a59e9-91cf-43f3-9c98-75c61177df41,376.73996,com.sec.android.app.shealth,
2022-06-30 04:32:55.361,11497.311,14744,-2,1656547200000,1.5521213,VfS0qUERdZ,com.sec.android.app.shealth,2022-07-01 04:31:30.874,865ce7c3-3aff-4e5a-a2b7-cd36af78eff7.binning_data.json,865ce7c3-3aff-4e5a-a2b7-cd36af78eff7,469.88995,com.sec.android.app.shealth,
2022-07-04 22:00:02.943,10777.251,13728,0,1656892800000,2.9722226,f7d3tEJoPd,com.sec.android.app.shealth,2022-07-04 22:00:02.943,641632d1-f350-4299-a4b5-1f39c8c6dfe5.binning_data.json,641632d1-f350-4299-a4b5-1f39c8c6dfe5,451.12997,com.sec.android.app.shealth,
2022-05-30 04:35:21.238,8382.4,10586,-2,1653868800000,1.6719344,VfS0qUERdZ,com.sec.android.app.shealth,2022-05-30 21:28:59.583,ab4e3602-9482-45df-872e-4970ea1d57c7.binning_data.json,ab4e3602-9482-45df-872e-4970ea1d57c7,329.77,com.sec.android.app.shealth,
2022-06-12 22:01:37.137,10193.87,13131,0,1654992000000,3.0277777,f7d3tEJoPd,com.sec.android.app.shealth,2022-06-12 22:01:37.137,46f48926-8d40-4a46-a21f-f9aa23887d17.binning_data.json,46f48926-8d40-4a46-a21f-f9aa23887d17,435.31,com.sec.android.app.shealth,
2022-06-21 04:30:36.112,8782.841,11306,0,1655683200000,4.638889,f7d3tEJoPd,com.sec.android.app.shealth,2022-06-21 04:30:36.112,c3168dbc-a38d-4b31-97be-6aaf0eab5e97.binning_data.json,c3168dbc-a38d-4b31-97be-6aaf0eab5e97,366.28998,com.sec.android.app.shealth,
2022-07-27 22:03:47.108,7038.73,9106,-2,1658966400000,1.4945279,VfS0qUERdZ,com.sec.android.app.shealth,2022-07-28 21:39:03.104,970f613d-f169-4b82-80d6-e8aa2e3f5c0f.binning_data.json,970f613d-f169-4b82-80d6-e8aa2e3f5c0f,301.93997,com.sec.android.app.shealth,
2022-07-02 22:00:35.048,8091.9697,10417,-2,1656806400000,1.5294607,VfS0qUERdZ,com.sec.android.app.shealth,2022-07-03 20:37:21.733,13415db9-e891-4a0b-a9c0-2f0cfa98f3d3.binning_data.json,13415db9-e891-4a0b-a9c0-2f0cfa98f3d3,328.93,com.sec.android.app.shealth,
2022-07-30 23:31:00.829,2896.33,3875,-2,1659225600000,1.2533615,VfS0qUERdZ,com.sec.android.app.shealth,2022-07-31 19:10:32.246,0cb9074d-8ec1-470a-af9d-5d76bf98e3e9.binning_data.json,0cb9074d-8ec1-470a-af9d-5d76bf98e3e9,144.83,com.sec.android.app.shealth,
2022-06-24 07:11:52.665,15303.181,19192,0,1655942400000,1.9543333,f7d3tEJoPd,com.sec.android.app.shealth,2022-06-24 07:11:52.665,b638449e-2ebc-4de2-bb3b-ffc48b46efbe.binning_data.json,b638449e-2ebc-4de2-bb3b-ffc48b46efbe,590.61,com.sec.android.app.shealth,
2022-07-08 04:35:26.459,10460.181,13431,0,1657152000000,1.9175003,f7d3tEJoPd,com.sec.android.app.shealth,2022-07-08 04:35:26.459,5988876b-6308-49a4-b9b9-477e0cc5c2df.binning_data.json,5988876b-6308-49a4-b9b9-477e0cc5c2df,430.90997,com.sec.android.app.shealth,
2022-07-06 04:30:44.328,8381.061,10636,-2,1657065600000,1.6215453,VfS0qUERdZ,com.sec.android.app.shealth,2022-07-06 21:16:01.747,ea1f5c9b-fb72-4f84-8d39-3814b9186d25.binning_data.json,ea1f5c9b-fb72-4f84-8d39-3814b9186d25,332.89996,com.sec.android.app.shealth,
2022-06-01 22:01:57.625,6296.31,8000,-2,1654128000000,1.6237923,VfS0qUERdZ,com.sec.android.app.shealth,2022-06-03 08:14:12.886,fc47110b-afae-4841-84c0-0f212cc9bb59.binning_data.json,fc47110b-afae-4841-84c0-0f212cc9bb59,248.7,com.sec.android.app.shealth,
2022-08-03 04:51:53.745,10130.37,13019,-2,1659484800000,1.548041,VfS0qUERdZ,com.sec.android.app.shealth,2022-08-04 04:33:46.757,926efe68-b123-483e-8d91-a8cd5efb83d6.binning_data.json,926efe68-b123-483e-8d91-a8cd5efb83d6,417.36996,com.sec.android.app.shealth,
2022-06-15 22:00:02.008,9027.551,11509,0,1655251200000,1.8098333,f7d3tEJoPd,com.sec.android.app.shealth,2022-06-15 22:00:02.008,29564c2c-147f-4eaf-a5d8-59137782a6ef.binning_data.json,29564c2c-147f-4eaf-a5d8-59137782a6ef,361.12,com.sec.android.app.shealth,
2022-06-26 22:00:22.178,4962.49,6303,0,1656201600000,1.8321667,f7d3tEJoPd,com.sec.android.app.shealth,2022-06-26 22:00:22.178,9f17aec2-435b-477f-8cee-189094fcdeef.binning_data.json,9f17aec2-435b-477f-8cee-189094fcdeef,196.7,com.sec.android.app.shealth,
2022-07-11 04:24:37.051,9524.67,12521,0,1657411200000,1.7777778,f7d3tEJoPd,com.sec.android.app.shealth,2022-07-11 04:24:37.051,81f54924-06df-4c90-aae5-7a51a44a1603.binning_data.json,81f54924-06df-4c90-aae5-7a51a44a1603,421.86,com.sec.android.app.shealth,
2022-07-09 07:03:52.469,10805.92,13731,-2,1657324800000,1.6129616,VfS0qUERdZ,com.sec.android.app.shealth,2022-07-10 05:27:40.065,0d21478c-569a-4216-8185-da44a956f30b.binning_data.json,0d21478c-569a-4216-8185-da44a956f30b,430.27,com.sec.android.app.shealth,
2022-08-06 08:23:42.475,10756.96,14347,-2,1659744000000,1.2778018,VfS0qUERdZ,com.sec.android.app.shealth,2022-08-06 22:00:15.288,e560160e-880b-4b0a-ad08-8e75461e7bcb.binning_data.json,e560160e-880b-4b0a-ad08-8e75461e7bcb,540.70996,com.sec.android.app.shealth,
2022-06-30 04:32:44.727,11002.371,14091,0,1656460800000,2.5277774,f7d3tEJoPd,com.sec.android.app.shealth,2022-06-30 04:32:44.727,75f001ae-e306-4461-a044-87cdbdc41a4e.binning_data.json,75f001ae-e306-4461-a044-87cdbdc41a4e,449.27,com.sec.android.app.shealth,
2022-07-14 04:30:24.095,10439.761,13361,0,1657670400000,2.5,f7d3tEJoPd,com.sec.android.app.shealth,2022-07-14 04:30:24.095,a3c943b8-83ba-4047-9a00-544c7ee23cc7.binning_data.json,a3c943b8-83ba-4047-9a00-544c7ee23cc7,428.79996,com.sec.android.app.shealth,
2022-07-12 04:47:24.994,9016.36,11595,-2,1657584000000,1.5332648,VfS0qUERdZ,com.sec.android.app.shealth,2022-07-13 04:31:24.860,b32c96ba-2d11-4b41-8f64-ffed0c806c2c.binning_data.json,b32c96ba-2d11-4b41-8f64-ffed0c806c2c,372.08,com.sec.android.app.shealth,
2022-06-05 08:41:21.011,5349.64,6772,-2,1654387200000,1.6565564,VfS0qUERdZ,com.sec.android.app.shealth,2022-06-05 20:20:09.130,c4d36133-4c71-4037-817d-c665b6d8567b.binning_data.json,c4d36133-4c71-4037-817d-c665b6d8567b,210.34,com.sec.android.app.shealth,
2022-07-17 07:18:08.268,6817.94,8859,0,1657929600000,1.7065006,f7d3tEJoPd,com.sec.android.app.shealth,2022-07-17 07:18:08.268,1216d3a9-d95d-48e7-80c7-760670628a17.binning_data.json,1216d3a9-d95d-48e7-80c7-760670628a17,287.91,com.sec.android.app.shealth,
2022-06-08 04:32:41.263,11414.011,14576,-2,1654646400000,1.5884314,VfS0qUERdZ,com.sec.android.app.shealth,2022-06-08 21:00:04.232,2d3f9ab6-bce3-4ec8-8516-ddc6d4431e4f.binning_data.json,2d3f9ab6-bce3-4ec8-8516-ddc6d4431e4f,463.12997,com.sec.android.app.shealth,
2022-07-02 22:00:28.979,16236.4795,21062,0,1656720000000,1.9166665,f7d3tEJoPd,com.sec.android.app.shealth,2022-07-02 22:00:28.979,e9ee2eb2-ea07-41f6-a9ed-e48c2d78515d.binning_data.json,e9ee2eb2-ea07-41f6-a9ed-e48c2d78515d,694.1399,com.sec.android.app.shealth,
2022-07-19 22:00:01.529,9668.2,12437,0,1658188800000,2.3211155,f7d3tEJoPd,com.sec.android.app.shealth,2022-07-19 22:00:01.529,31110a94-3f40-450f-99c0-33dcafdb87c1.binning_data.json,31110a94-3f40-450f-99c0-33dcafdb87c1,400.46997,com.sec.android.app.shealth,
2022-06-18 22:00:07.099,5214.18,6869,0,1655510400000,1.9166666,f7d3tEJoPd,com.sec.android.app.shealth,2022-06-18 22:00:07.099,7dcaf27d-ca75-4cc9-8efd-9618eaaeacf3.binning_data.json,7dcaf27d-ca75-4cc9-8efd-9618eaaeacf3,235.02998,com.sec.android.app.shealth,
2022-06-11 07:49:06.178,6699.11,8639,-2,1654905600000,1.505339,VfS0qUERdZ,com.sec.android.app.shealth,2022-06-11 20:27:30.461,26e78b6a-f6fb-47cb-b399-fa1ec19eb95c.binning_data.json,26e78b6a-f6fb-47cb-b399-fa1ec19eb95c,276.93,com.sec.android.app.shealth,
2022-07-15 04:35:24.376,8016.1997,10311,-2,1657843200000,1.52886,VfS0qUERdZ,com.sec.android.app.shealth,2022-07-15 21:24:36.173,65270ed2-5166-453c-92d6-8bdc9a384bf3.binning_data.json,65270ed2-5166-453c-92d6-8bdc9a384bf3,336.59995,com.sec.android.app.shealth,
2022-06-21 22:00:01.286,10978.351,14140,0,1655769600000,1.7733334,f7d3tEJoPd,com.sec.android.app.shealth,2022-06-21 22:00:01.286,4301bab7-19d5-4f38-80f6-c331329c520f.binning_data.json,4301bab7-19d5-4f38-80f6-c331329c520f,455.52994,com.sec.android.app.shealth,
2022-06-14 04:48:38.600,10777.171,13504,-2,1655164800000,1.721209,VfS0qUERdZ,com.sec.android.app.shealth,2022-06-14 21:58:57.037,33c35ae2-49c3-4b9f-a62e-51e7ccf57407.binning_data.json,33c35ae2-49c3-4b9f-a62e-51e7ccf57407,417.67996,com.sec.android.app.shealth,
2022-07-05 22:00:01.202,9633.03,12276,0,1656979200000,3.0,f7d3tEJoPd,com.sec.android.app.shealth,2022-07-05 22:00:01.202,dafb757a-8f75-413a-a543-d8d60da4deb5.binning_data.json,dafb757a-8f75-413a-a543-d8d60da4deb5,386.99997,com.sec.android.app.shealth,
2022-07-18 04:28:00.471,9365.13,12016,-2,1658102400000,1.5325664,VfS0qUERdZ,com.sec.android.app.shealth,2022-07-19 04:26:17.249,ab03da82-af1c-4e02-8d6a-d9ba4c7cd4fb.binning_data.json,ab03da82-af1c-4e02-8d6a-d9ba4c7cd4fb,388.21,com.sec.android.app.shealth,
2022-06-24 22:00:01.775,6197.29,7912,0,1656028800000,2.3055556,f7d3tEJoPd,com.sec.android.app.shealth,2022-06-24 22:00:01.775,6b327b16-8c46-462b-8fb8-6945c1f1f78f.binning_data.json,6b327b16-8c46-462b-8fb8-6945c1f1f78f,251.29999,com.sec.android.app.shealth,
2022-06-17 04:35:01.402,8509.931,10944,-2,1655424000000,1.5368407,VfS0qUERdZ,com.sec.android.app.shealth,2022-06-17 21:50:16.555,ecbd502c-ef2e-4a70-8a88-8ed37cd08f0f.binning_data.json,ecbd502c-ef2e-4a70-8a88-8ed37cd08f0f,346.99997,com.sec.android.app.shealth,
2022-07-23 07:01:58.892,7844.45,10101,0,1658448000000,1.6944444,f7d3tEJoPd,com.sec.android.app.shealth,2022-07-23 07:01:58.892,7f35f3ff-fd08-49f2-b388-a5771a4e78a5.binning_data.json,7f35f3ff-fd08-49f2-b388-a5771a4e78a5,325.27997,com.sec.android.app.shealth,
2022-08-09 08:05:15.281,9095.239,11838,-2,1660003200000,1.4353687,VfS0qUERdZ,com.sec.android.app.shealth,2022-08-09 21:55:22.721,ed99876e-79a0-454a-be96-115a879929a3.binning_data.json,ed99876e-79a0-454a-be96-115a879929a3,400.67996,com.sec.android.app.shealth,
2022-06-27 22:00:01.620,9612.951,12261,0,1656288000000,1.8436666,f7d3tEJoPd,com.sec.android.app.shealth,2022-06-27 22:00:01.620,77f5f518-e7a9-41e8-b37a-735ec1e22d1a.binning_data.json,77f5f518-e7a9-41e8-b37a-735ec1e22d1a,385.56998,com.sec.android.app.shealth,
2022-07-26 04:32:33.725,9270.971,11895,0,1658707200000,1.76,f7d3tEJoPd,com.sec.android.app.shealth,2022-07-26 04:32:33.725,d1867abf-28e5-4a9a-bd75-65a08df2c042.binning_data.json,d1867abf-28e5-4a9a-bd75-65a08df2c042,376.73996,com.sec.android.app.shealth,
2022-07-20 23:00:07.036,7877.0605,10053,-2,1658361600000,1.5814669,VfS0qUERdZ,com.sec.android.app.shealth,2022-07-21 22:30:33.418,e3bf4d7a-4587-4766-840e-f343c29a33bd.binning_data.json,e3bf4d7a-4587-4766-840e-f343c29a33bd,321.50995,com.sec.android.app.shealth,
2022-07-01 04:31:30.561,11497.311,14744,0,1656547200000,1.8611113,f7d3tEJoPd,com.sec.android.app.shealth,2022-07-01 04:31:30.561,9a58d1c8-7015-45d3-a231-51dcaaa4d777.binning_data.json,9a58d1c8-7015-45d3-a231-51dcaaa4d777,469.88995,com.sec.android.app.shealth,
2022-08-12 07:59:38.735,5725.75,7362,-2,1660262400000,1.5241868,VfS0qUERdZ,com.sec.android.app.shealth,2022-08-12 21:45:53.227,eabe744b-0729-436d-9ec2-ad220c636f95.binning_data.json,eabe744b-0729-436d-9ec2-ad220c636f95,236.33998,com.sec.android.app.shealth,
2022-06-19 22:08:32.348,8782.841,11306,-2,1655683200000,1.5190151,VfS0qUERdZ,com.sec.android.app.shealth,2022-06-20 20:21:22.378,95c1de4f-11cf-43fd-a8d3-b7c397d274fa.binning_data.json,95c1de4f-11cf-43fd-a8d3-b7c397d274fa,366.28998,com.sec.android.app.shealth,
2022-07-23 22:43:25.888,5809.07,7567,-2,1658620800000,1.4350556,VfS0qUERdZ,com.sec.android.app.shealth,2022-07-24 21:56:48.235,aa17296c-de1c-4401-8c61-75b3c4487da7.binning_data.json,aa17296c-de1c-4401-8c61-75b3c4487da7,249.76997,com.sec.android.app.shealth,
2022-07-08 22:01:04.490,4458.3,5768,0,1657238400000,1.8888888,f7d3tEJoPd,com.sec.android.app.shealth,2022-07-10 05:27:39.635,82a38835-3422-439b-b123-edde1068d417.binning_data.json,82a38835-3422-439b-b123-edde1068d417,188.84996,com.sec.android.app.shealth,
2022-07-28 22:03:06.813,7038.73,9106,0,1658966400000,1.7258334,f7d3tEJoPd,com.sec.android.app.shealth,2022-07-28 22:03:06.813,f1f4a460-0cf9-4172-93c5-c184ccc2018c.binning_data.json,f1f4a460-0cf9-4172-93c5-c184ccc2018c,301.93997,com.sec.android.app.shealth,
2022-06-23 04:32:02.507,15303.181,19192,-2,1655942400000,1.7212788,VfS0qUERdZ,com.sec.android.app.shealth,2022-06-23 21:27:38.619,5674b8cb-a6cc-4e87-ac97-b392f79b467d.binning_data.json,5674b8cb-a6cc-4e87-ac97-b392f79b467d,590.61,com.sec.android.app.shealth,
2022-08-15 06:07:49.152,6374.2603,8236,-2,1660521600000,1.4968659,VfS0qUERdZ,com.sec.android.app.shealth,2022-08-16 06:06:19.814,3875236e-fa51-4000-9765-1b58635c2c8d.binning_data.json,3875236e-fa51-4000-9765-1b58635c2c8d,267.02,com.sec.android.app.shealth,
2022-07-27 04:33:37.040,9421.261,12072,-2,1658880000000,1.5499163,VfS0qUERdZ,com.sec.android.app.shealth,2022-07-27 22:00:03.026,cab85d77-1cf2-431d-a1b4-2f5a71722d08.binning_data.json,cab85d77-1cf2-431d-a1b4-2f5a71722d08,386.19995,com.sec.android.app.shealth,
2022-06-26 07:55:47.559,4962.49,6303,-2,1656201600000,1.6268809,VfS0qUERdZ,com.sec.android.app.shealth,2022-06-26 21:58:14.402,feb3b60e-bbca-4f39-ab41-970b5551b32d.binning_data.json,feb3b60e-bbca-4f39-ab41-970b5551b32d,196.7,com.sec.android.app.shealth,
2022-07-30 06:47:58.823,8296.68,10870,-2,1659139200000,1.3986077,VfS0qUERdZ,com.sec.android.app.shealth,2022-07-30 20:45:39.113,b47cf695-92ad-4669-8976-6588eae37d07.binning_data.json,b47cf695-92ad-4669-8976-6588eae37d07,377.68,com.sec.android.app.shealth,
2022-07-04 04:29:48.525,8091.9697,10417,0,1656806400000,1.7435,f7d3tEJoPd,com.sec.android.app.shealth,2022-07-04 04:29:48.525,86896faa-a640-47ab-aec9-2acb383457f5.binning_data.json,86896faa-a640-47ab-aec9-2acb383457f5,328.93,com.sec.android.app.shealth,
2022-08-18 08:35:16.698,4784.5503,6105,-2,1660780800000,1.5775855,VfS0qUERdZ,com.sec.android.app.shealth,2022-08-18 21:32:45.269,a64f4281-540f-4622-9bda-a5214e3c3820.binning_data.json,a64f4281-540f-4622-9bda-a5214e3c3820,191.26,com.sec.android.app.shealth,
2022-08-01 22:05:20.071,8064.711,10420,-2,1659398400000,1.489473,VfS0qUERdZ,com.sec.android.app.shealth,2022-08-03 04:35:15.390,15c12e55-244e-4c2f-a44d-47fa3dd1db70.binning_data.json,15c12e55-244e-4c2f-a44d-47fa3dd1db70,345.12994,com.sec.android.app.shealth,
2022-07-31 22:16:38.923,13062.27,17210,-2,1659312000000,1.3666517,VfS0qUERdZ,com.sec.android.app.shealth,2022-08-01 22:04:16.494,859b7e8d-654e-4705-a53d-3f1a1c182109.binning_data.json,859b7e8d-654e-4705-a53d-3f1a1c182109,639.5399,com.sec.android.app.shealth,
2022-07-11 22:00:01.643,5571.4004,7123,0,1657497600000,1.8348331,f7d3tEJoPd,com.sec.android.app.shealth,2022-07-11 22:00:01.643,6c853bd1-b307-44b7-a0a9-95dcd191df8c.binning_data.json,6c853bd1-b307-44b7-a0a9-95dcd191df8c,227.52997,com.sec.android.app.shealth,
2022-08-21 08:56:28.500,5277.86,6767,-2,1661040000000,1.5575274,VfS0qUERdZ,com.sec.android.app.shealth,2022-08-21 21:13:24.371,8b21b91e-36b5-4805-bf9d-5331260b2faf.binning_data.json,8b21b91e-36b5-4805-bf9d-5331260b2faf,210.89998,com.sec.android.app.shealth,
2022-06-29 04:33:13.632,11002.371,14091,-2,1656460800000,1.5596855,VfS0qUERdZ,com.sec.android.app.shealth,2022-06-29 21:47:19.511,97a01444-3bc1-47bc-9b75-b0b19ed1fbbe.binning_data.json,97a01444-3bc1-47bc-9b75-b0b19ed1fbbe,449.27,com.sec.android.app.shealth,
2022-08-05 07:17:39.515,5602.13,7348,-2,1659657600000,1.3813995,VfS0qUERdZ,com.sec.android.app.shealth,2022-08-06 07:54:07.565,8838bdc8-b126-4e32-9da1-84481df0b2d3.binning_data.json,8838bdc8-b126-4e32-9da1-84481df0b2d3,256.07996,com.sec.android.app.shealth,
2022-08-24 07:59:13.643,6113.07,7871,-2,1661299200000,1.5138623,VfS0qUERdZ,com.sec.android.app.shealth,2022-08-24 21:26:34.675,c4e13db5-204d-4011-aa15-468a70f49bc6.binning_data.json,c4e13db5-204d-4011-aa15-468a70f49bc6,251.84999,com.sec.android.app.shealth,
2022-07-07 04:31:41.135,8381.061,10636,0,1657065600000,1.7954999,f7d3tEJoPd,com.sec.android.app.shealth,2022-07-07 04:31:41.135,bda009d6-7945-49e4-b46f-380468fa98a5.binning_data.json,bda009d6-7945-49e4-b46f-380468fa98a5,332.89996,com.sec.android.app.shealth,
2022-08-27 07:40:50.087,5813.98,7439,-2,1661558400000,1.5649253,VfS0qUERdZ,com.sec.android.app.shealth,2022-08-27 21:27:30.127,a6221c4f-cf30-44c3-9438-b8cfb9c0616e.binning_data.json,a6221c4f-cf30-44c3-9438-b8cfb9c0616e,233.17,com.sec.android.app.shealth,
2022-07-01 22:46:26.337,16236.4795,21062,-2,1656720000000,1.4651858,VfS0qUERdZ,com.sec.android.app.shealth,2022-07-02 21:06:13.786,6613ed92-d578-4234-9dd5-15867da49500.binning_data.json,6613ed92-d578-4234-9dd5-15867da49500,694.1399,com.sec.android.app.shealth,
2022-08-08 08:00:50.670,14245.17,18844,-2,1659916800000,1.3376585,VfS0qUERdZ,com.sec.android.app.shealth,2022-08-08 21:35:15.278,7d962e26-d687-43ac-9e81-27ce5dc16af8.binning_data.json,7d962e26-d687-43ac-9e81-27ce5dc16af8,690.12994,com.sec.android.app.shealth,
2022-08-04 04:33:45.981,10130.37,13019,0,1659484800000,1.7423339,f7d3tEJoPd,com.sec.android.app.shealth,2022-08-04 04:33:45.981,6a5eb2f7-c583-4f2b-b07e-d9b59c52113b.binning_data.json,6a5eb2f7-c583-4f2b-b07e-d9b59c52113b,417.36996,com.sec.android.app.shealth,
2022-07-15 04:33:39.836,9506.84,12189,0,1657756800000,2.5833333,f7d3tEJoPd,com.sec.android.app.shealth,2022-07-15 04:33:39.836,7618ae98-ee56-476d-8e24-94cde0f940cb.binning_data.json,7618ae98-ee56-476d-8e24-94cde0f940cb,389.77997,com.sec.android.app.shealth,
2022-08-11 08:23:40.343,6138.0,7915,-2,1660176000000,1.5075625,VfS0qUERdZ,com.sec.android.app.shealth,2022-08-11 22:00:02.898,ed093689-9bb1-4cb7-bd8c-e7a2b712811e.binning_data.json,ed093689-9bb1-4cb7-bd8c-e7a2b712811e,255.08998,com.sec.android.app.shealth,
2022-07-05 04:30:02.534,9633.03,12276,-2,1656979200000,1.5861439,VfS0qUERdZ,com.sec.android.app.shealth,2022-07-05 22:00:02.078,8e7f089a-cf39-4477-bb45-5ecc35e22abb.binning_data.json,8e7f089a-cf39-4477-bb45-5ecc35e22abb,386.99997,com.sec.android.app.shealth,
2022-08-30 04:33:12.888,7459.3906,9523,-2,1661817600000,1.5771053,VfS0qUERdZ,com.sec.android.app.shealth,2022-08-31 04:31:54.421,62f7ec75-0caf-4abe-8a19-0906061b0e6a.binning_data.json,62f7ec75-0caf-4abe-8a19-0906061b0e6a,300.63998,com.sec.android.app.shealth,
2022-07-10 05:27:39.683,10805.92,13731,0,1657324800000,1.8916667,f7d3tEJoPd,com.sec.android.app.shealth,2022-07-10 05:27:39.683,a8dea7bd-8f00-41bc-989c-1f41925c662f.binning_data.json,a8dea7bd-8f00-41bc-989c-1f41925c662f,430.27,com.sec.android.app.shealth,
2022-07-08 04:36:37.035,4458.3,5768,-2,1657238400000,1.4915386,VfS0qUERdZ,com.sec.android.app.shealth,2022-07-08 22:01:05.568,ca39186d-747f-493f-ad0a-121809af1d37.binning_data.json,ca39186d-747f-493f-ad0a-121809af1d37,188.84996,com.sec.android.app.shealth,
2022-08-14 07:30:06.892,8251.63,10786,-2,1660435200000,1.4142005,VfS0qUERdZ,com.sec.android.app.shealth,2022-08-14 21:28:25.202,8b0f1703-5123-474c-bbe3-f57c27ebc57f.binning_data.json,8b0f1703-5123-474c-bbe3-f57c27ebc57f,363.44,com.sec.android.app.shealth,
2022-09-02 04:53:14.908,8812.671,11108,-2,1662076800000,1.6595953,VfS0qUERdZ,com.sec.android.app.shealth,2022-09-02 21:11:33.441,56988c1e-0f3f-4b1c-9af5-f0a6fae4bb5a.binning_data.json,56988c1e-0f3f-4b1c-9af5-f0a6fae4bb5a,351.90997,com.sec.android.app.shealth,
2022-08-06 22:00:14.383,10756.96,14347,0,1659744000000,1.8055556,f7d3tEJoPd,com.sec.android.app.shealth,2022-08-06 22:00:14.383,73739f9c-7921-40db-b8b7-73bf6dbca390.binning_data.json,73739f9c-7921-40db-b8b7-73bf6dbca390,540.70996,com.sec.android.app.shealth,
2022-07-17 22:00:02.270,6655.29,8578,0,1658016000000,1.8611113,f7d3tEJoPd,com.sec.android.app.shealth,2022-07-17 22:00:02.270,ac08590e-887c-44ef-abd4-aaeadadcaf5a.binning_data.json,ac08590e-887c-44ef-abd4-aaeadadcaf5a,270.43,com.sec.android.app.shealth,
2022-07-11 04:29:43.157,5571.4004,7123,-2,1657497600000,1.5605825,VfS0qUERdZ,com.sec.android.app.shealth,2022-07-11 21:27:45.379,ca3270ac-199a-4ff6-993e-7ef31ecec4bc.binning_data.json,ca3270ac-199a-4ff6-993e-7ef31ecec4bc,227.52997,com.sec.android.app.shealth,
2022-09-05 04:37:08.258,8164.31,10470,-2,1662336000000,1.5479538,VfS0qUERdZ,com.sec.android.app.shealth,2022-09-05 21:27:31.379,044a8555-f999-4825-91b4-13b7cfb9d3cb.binning_data.json,044a8555-f999-4825-91b4-13b7cfb9d3cb,334.61996,com.sec.android.app.shealth,
2022-08-17 04:37:56.850,6134.44,8191,-2,1660694400000,1.2482754,VfS0qUERdZ,com.sec.android.app.shealth,2022-08-18 07:59:48.970,c686f24c-a21a-4992-bbfa-9411b30bc31f.binning_data.json,c686f24c-a21a-4992-bbfa-9411b30bc31f,293.27997,com.sec.android.app.shealth,
2022-09-08 04:51:23.846,9226.201,11807,-2,1662595200000,1.5705184,VfS0qUERdZ,com.sec.android.app.shealth,2022-09-08 21:46:31.111,3229da83-2090-40df-b447-2b0484111b36.binning_data.json,3229da83-2090-40df-b447-2b0484111b36,365.86993,com.sec.android.app.shealth,
2022-07-20 22:25:26.886,7934.1904,10167,0,1658275200000,2.138889,f7d3tEJoPd,com.sec.android.app.shealth,2022-07-20 22:25:26.886,7b65b91c-5a43-4fb6-ad0f-ff20e2fc3632.binning_data.json,7b65b91c-5a43-4fb6-ad0f-ff20e2fc3632,322.86993,com.sec.android.app.shealth,
2022-09-11 07:25:25.691,6363.8203,8328,-2,1662854400000,1.3991313,VfS0qUERdZ,com.sec.android.app.shealth,2022-09-11 22:09:40.041,a6985231-e4af-45bc-80e8-36bdb8a7e53b.binning_data.json,a6985231-e4af-45bc-80e8-36bdb8a7e53b,287.64996,com.sec.android.app.shealth,
2022-08-09 22:14:58.297,9095.239,11838,0,1660003200000,1.82,f7d3tEJoPd,com.sec.android.app.shealth,2022-08-09 22:14:58.297,17b9ab03-315b-453e-b276-bb3c5f5f7f0e.binning_data.json,17b9ab03-315b-453e-b276-bb3c5f5f7f0e,400.67996,com.sec.android.app.shealth,
2022-08-20 05:19:36.065,7525.2603,9719,-2,1660953600000,1.5002846,VfS0qUERdZ,com.sec.android.app.shealth,2022-08-20 21:48:10.209,fb8f139e-2394-4a0a-b9d3-e514d9eb6dd7.binning_data.json,fb8f139e-2394-4a0a-b9d3-e514d9eb6dd7,314.27,com.sec.android.app.shealth,
2022-07-13 04:31:24.226,9016.36,11595,0,1657584000000,1.7319999,f7d3tEJoPd,com.sec.android.app.shealth,2022-07-13 04:31:24.226,ec1a8b30-2810-47b1-a92c-a9c3c6f418c8.binning_data.json,ec1a8b30-2810-47b1-a92c-a9c3c6f418c8,372.08,com.sec.android.app.shealth,
2022-07-14 04:31:28.465,9506.84,12189,-2,1657756800000,1.5533425,VfS0qUERdZ,com.sec.android.app.shealth,2022-07-15 04:33:40.301,4da5790c-dc80-4e00-a4d1-03e8b582d749.binning_data.json,4da5790c-dc80-4e00-a4d1-03e8b582d749,389.77997,com.sec.android.app.shealth,
2022-09-14 04:54:19.404,8639.32,11065,-2,1663113600000,1.5651641,VfS0qUERdZ,com.sec.android.app.shealth,2022-09-14 21:33:50.289,f492668a-0ea9-4d75-bf08-cb130beb941c.binning_data.json,f492668a-0ea9-4d75-bf08-cb130beb941c,343.13995,com.sec.android.app.shealth,
2022-07-23 22:04:11.578,7667.2095,9916,0,1658534400000,2.7777774,f7d3tEJoPd,com.sec.android.app.shealth,2022-07-23 22:04:11.578,3ff45a44-3c43-4807-a469-8412ded502f7.binning_data.json,3ff45a44-3c43-4807-a469-8412ded502f7,325.40994,com.sec.android.app.shealth,
2022-08-12 22:00:01.530,5725.75,7362,0,1660262400000,2.4444444,f7d3tEJoPd,com.sec.android.app.shealth,2022-08-12 22:00:01.530,ce7b68ee-4217-462d-bc57-d6950f05fbc2.binning_data.json,ce7b68ee-4217-462d-bc57-d6950f05fbc2,236.33998,com.sec.android.app.shealth,
2022-09-17 07:39:57.440,10371.59,13438,-2,1663372800000,1.4729685,VfS0qUERdZ,com.sec.android.app.shealth,2022-09-17 21:07:11.901,c14ff95e-48a9-4399-8b54-083ce1ead2c3.binning_data.json,c14ff95e-48a9-4399-8b54-083ce1ead2c3,450.67996,com.sec.android.app.shealth,
2022-07-27 04:33:48.938,9512.61,12415,0,1658793600000,1.7777778,f7d3tEJoPd,com.sec.android.app.shealth,2022-07-27 04:33:48.938,995b12d6-b4b4-40ca-a5ac-005ef93c2311.binning_data.json,995b12d6-b4b4-40ca-a5ac-005ef93c2311,419.05994,com.sec.android.app.shealth,
2022-08-16 06:06:19.265,6374.2603,8236,0,1660521600000,1.7141666,f7d3tEJoPd,com.sec.android.app.shealth,2022-08-16 06:06:19.265,da71d231-fbb9-413c-b555-976e59b8113f.binning_data.json,da71d231-fbb9-413c-b555-976e59b8113f,267.02,com.sec.android.app.shealth,
2022-07-17 07:55:04.802,6655.29,8578,-2,1658016000000,1.5140771,VfS0qUERdZ,com.sec.android.app.shealth,2022-07-17 20:30:17.512,5966fe74-74ff-4eb2-847c-300d034c92ef.binning_data.json,5966fe74-74ff-4eb2-847c-300d034c92ef,270.43,com.sec.android.app.shealth,
2022-07-16 04:31:52.453,8016.1997,10311,0,1657843200000,1.7733334,f7d3tEJoPd,com.sec.android.app.shealth,2022-07-16 04:31:52.453,42d5e777-6627-4da8-bcf4-6d4cd5665298.binning_data.json,42d5e777-6627-4da8-bcf4-6d4cd5665298,336.59995,com.sec.android.app.shealth,
2022-09-20 04:31:50.612,8176.6,10500,-2,1663632000000,1.55429,VfS0qUERdZ,com.sec.android.app.shealth,2022-09-20 21:45:37.688,79e19f65-24c5-460a-b77e-083b33130b19.binning_data.json,79e19f65-24c5-460a-b77e-083b33130b19,332.56,com.sec.android.app.shealth,
2022-07-30 06:36:13.348,4716.4395,6159,0,1659052800000,1.6653341,f7d3tEJoPd,com.sec.android.app.shealth,2022-07-30 06:36:13.348,16ea1584-5600-4f08-90c8-a5a03139491e.binning_data.json,16ea1584-5600-4f08-90c8-a5a03139491e,205.05997,com.sec.android.app.shealth,
2022-08-18 22:00:01.921,4784.5503,6105,0,1660780800000,1.8333335,f7d3tEJoPd,com.sec.android.app.shealth,2022-08-18 22:00:01.921,3eaa7ded-042a-4f3c-9083-f51911db4ad7.binning_data.json,3eaa7ded-042a-4f3c-9083-f51911db4ad7,191.26,com.sec.android.app.shealth,
2022-08-23 08:00:48.046,10433.09,13497,-2,1661212800000,1.4994949,VfS0qUERdZ,com.sec.android.app.shealth,2022-08-23 22:00:02.789,25bdab2e-5633-400a-b1b6-cbcaadfd0b0b.binning_data.json,25bdab2e-5633-400a-b1b6-cbcaadfd0b0b,430.09998,com.sec.android.app.shealth,
2022-08-22 06:51:28.971,5277.86,6767,0,1661040000000,1.7222222,f7d3tEJoPd,com.sec.android.app.shealth,2022-08-22 06:51:28.971,3b4209ab-fb18-462a-b870-f11aba911562.binning_data.json,3b4209ab-fb18-462a-b870-f11aba911562,210.89998,com.sec.android.app.shealth,
2022-09-22 22:03:48.173,5788.04,7427,-2,1663891200000,1.5557908,VfS0qUERdZ,com.sec.android.app.shealth,2022-09-24 05:56:53.191,e3a8b2a7-ca5e-4f92-b9f3-c63c52c1c0a8.binning_data.json,e3a8b2a7-ca5e-4f92-b9f3-c63c52c1c0a8,235.17998,com.sec.android.app.shealth,
2022-07-20 04:30:54.148,7934.1904,10167,-2,1658275200000,1.5547295,VfS0qUERdZ,com.sec.android.app.shealth,2022-07-20 21:55:59.236,fa79adad-83af-41dd-9c44-9a40bb761fa6.binning_data.json,fa79adad-83af-41dd-9c44-9a40bb761fa6,322.86993,com.sec.android.app.shealth,
2022-07-19 04:26:16.807,9365.13,12016,0,1658102400000,3.083333,f7d3tEJoPd,com.sec.android.app.shealth,2022-07-19 04:26:16.807,970cdd37-ead0-460b-859b-35724bc003f6.binning_data.json,970cdd37-ead0-460b-859b-35724bc003f6,388.21,com.sec.android.app.shealth,
2022-08-24 22:00:01.732,6113.07,7871,0,1661299200000,2.3333333,f7d3tEJoPd,com.sec.android.app.shealth,2022-08-24 22:00:01.732,9a354e32-9c72-4f0e-b5f8-6e8e3d6d86a7.binning_data.json,9a354e32-9c72-4f0e-b5f8-6e8e3d6d86a7,251.84999,com.sec.android.app.shealth,
2022-09-26 04:39:05.630,7148.1504,9239,-2,1664150400000,1.4999925,VfS0qUERdZ,com.sec.android.app.shealth,2022-09-27 04:32:50.757,72026035-7d6d-4626-b96c-b4de5a37cefc.binning_data.json,72026035-7d6d-4626-b96c-b4de5a37cefc,299.80997,com.sec.android.app.shealth,
2022-08-26 05:22:01.369,18675.56,24549,-2,1661472000000,1.3795891,VfS0qUERdZ,com.sec.android.app.shealth,2022-08-26 21:52:46.192,c0640b25-cc7d-4946-aac2-f94969fac36b.binning_data.json,c0640b25-cc7d-4946-aac2-f94969fac36b,903.61993,com.sec.android.app.shealth,
2022-08-27 22:00:11.645,5813.98,7439,0,1661558400000,1.9444443,f7d3tEJoPd,com.sec.android.app.shealth,2022-08-27 22:00:11.645,bf3f6048-11e6-4604-bf49-d3e6168d0472.binning_data.json,bf3f6048-11e6-4604-bf49-d3e6168d0472,233.17,com.sec.android.app.shealth,
2022-09-29 04:34:12.928,1002.43,1316,-2,1664409600000,1.3771638,VfS0qUERdZ,com.sec.android.app.shealth,2022-09-29 21:05:50.613,e3c0e8e5-aa6f-4e01-a317-adae6b8ad665.binning_data.json,e3c0e8e5-aa6f-4e01-a317-adae6b8ad665,45.909996,com.sec.android.app.shealth,
2022-07-23 08:32:13.605,7667.2095,9916,-2,1658534400000,1.4874821,VfS0qUERdZ,com.sec.android.app.shealth,2022-07-23 20:09:52.396,f747052c-7ca5-41eb-84a8-fd6510fdb6de.binning_data.json,f747052c-7ca5-41eb-84a8-fd6510fdb6de,325.40994,com.sec.android.app.shealth,
2022-08-31 04:31:54.057,7459.3906,9523,0,1661817600000,2.2222223,f7d3tEJoPd,com.sec.android.app.shealth,2022-08-31 04:31:54.057,a9bfe07b-4138-4f3c-a827-20d25049d265.binning_data.json,a9bfe07b-4138-4f3c-a827-20d25049d265,300.63998,com.sec.android.app.shealth,
2022-07-21 22:30:45.223,7877.0605,10053,0,1658361600000,2.0000002,f7d3tEJoPd,com.sec.android.app.shealth,2022-07-21 22:30:45.223,c0391921-cc0c-4fea-9356-57a3d95bfa18.binning_data.json,c0391921-cc0c-4fea-9356-57a3d95bfa18,321.50995,com.sec.android.app.shealth,
2022-10-02 07:47:11.003,725.97,945,-2,1664668800000,1.4137819,VfS0qUERdZ,com.sec.android.app.shealth,2022-10-02 16:23:19.565,7d29f38e-21a3-41db-8659-fa5db189ab9a.binning_data.json,7d29f38e-21a3-41db-8659-fa5db189ab9a,31.369997,com.sec.android.app.shealth,
2022-09-03 07:01:53.345,8812.671,11108,0,1662076800000,3.2222223,f7d3tEJoPd,com.sec.android.app.shealth,2022-09-03 07:01:53.345,bc9de7f0-e5b3-4d8d-bb72-e50dba3439df.binning_data.json,bc9de7f0-e5b3-4d8d-bb72-e50dba3439df,351.90997,com.sec.android.app.shealth,
2022-08-29 04:28:34.255,10184.09,13161,-2,1661731200000,1.4615855,VfS0qUERdZ,com.sec.android.app.shealth,2022-08-29 21:20:06.940,79b1a5e2-c03d-4a88-bf10-3dc3ae4adec1.binning_data.json,79b1a5e2-c03d-4a88-bf10-3dc3ae4adec1,435.82996,com.sec.android.app.shealth,
2022-07-31 22:16:39.560,13062.27,17210,0,1659312000000,2.0000002,f7d3tEJoPd,com.sec.android.app.shealth,2022-08-01 22:04:15.603,55955bec-3eee-4eee-a021-86260f9e15e4.binning_data.json,55955bec-3eee-4eee-a021-86260f9e15e4,639.5399,com.sec.android.app.shealth,
2022-07-26 04:43:04.228,9512.61,12415,-2,1658793600000,1.4122394,VfS0qUERdZ,com.sec.android.app.shealth,2022-07-26 21:15:01.186,302bc450-27fc-4c65-be70-e6ac5c2e6956.binning_data.json,302bc450-27fc-4c65-be70-e6ac5c2e6956,419.05994,com.sec.android.app.shealth,
2022-09-06 04:31:58.628,8164.31,10470,0,1662336000000,1.8765,f7d3tEJoPd,com.sec.android.app.shealth,2022-09-06 04:31:58.628,190e7cbe-73ef-40a1-9406-5481207da8d4.binning_data.json,190e7cbe-73ef-40a1-9406-5481207da8d4,334.61996,com.sec.android.app.shealth,
2022-07-24 22:00:05.079,5809.07,7567,0,1658620800000,1.6944445,f7d3tEJoPd,com.sec.android.app.shealth,2022-07-24 22:00:05.079,7776ac20-ac26-48fe-a740-666bd8d589be.binning_data.json,7776ac20-ac26-48fe-a740-666bd8d589be,249.76997,com.sec.android.app.shealth,
2022-09-08 22:00:01.507,9226.201,11807,0,1662595200000,1.8333335,f7d3tEJoPd,com.sec.android.app.shealth,2022-09-08 22:00:01.507,7e891e71-fe53-48f7-b6ef-3b78775362a3.binning_data.json,7e891e71-fe53-48f7-b6ef-3b78775362a3,365.86993,com.sec.android.app.shealth,
2022-09-01 04:30:46.056,6519.5103,8378,-2,1661990400000,1.5325152,VfS0qUERdZ,com.sec.android.app.shealth,2022-09-02 04:31:48.111,888eecfb-54db-4289-818a-890ce32d5327.binning_data.json,888eecfb-54db-4289-818a-890ce32d5327,271.34998,com.sec.android.app.shealth,
2022-07-28 22:18:51.509,4716.4395,6159,-2,1659052800000,1.4180492,VfS0qUERdZ,com.sec.android.app.shealth,2022-07-30 06:36:13.782,193716f7-1c3e-457d-a663-dc32fdf7989c.binning_data.json,193716f7-1c3e-457d-a663-dc32fdf7989c,205.05997,com.sec.android.app.shealth,
2022-07-27 22:00:01.722,9421.261,12072,0,1658880000000,1.9322352,f7d3tEJoPd,com.sec.android.app.shealth,2022-07-27 22:00:01.722,3b3d4527-5dfb-4bff-bab1-9edfc77430e5.binning_data.json,3b3d4527-5dfb-4bff-bab1-9edfc77430e5,386.19995,com.sec.android.app.shealth,
2022-08-05 06:32:01.900,9276.27,11953,0,1659571200000,1.6853334,f7d3tEJoPd,com.sec.android.app.shealth,2022-08-05 06:32:01.900,9d7d829c-859e-4f0d-88d0-bdd4c7133707.binning_data.json,9d7d829c-859e-4f0d-88d0-bdd4c7133707,377.13995,com.sec.android.app.shealth,
2022-09-03 22:00:42.449,5959.7197,7669,-2,1662249600000,1.5426329,VfS0qUERdZ,com.sec.android.app.shealth,2022-09-04 21:47:34.578,9dda4cec-8990-479f-b141-f38e890628f7.binning_data.json,9dda4cec-8990-479f-b141-f38e890628f7,239.34,com.sec.android.app.shealth,
2022-09-11 22:09:37.224,8071.8604,10309,-2,1662940800000,1.5886611,VfS0qUERdZ,com.sec.android.app.shealth,2022-09-13 04:26:21.847,90460a5f-4726-445d-b66e-8d80ddf46e8b.binning_data.json,90460a5f-4726-445d-b66e-8d80ddf46e8b,323.11,com.sec.android.app.shealth,
2022-09-07 04:48:08.284,7347.251,9358,-2,1662508800000,1.5988384,VfS0qUERdZ,com.sec.android.app.shealth,2022-09-08 04:31:03.665,7b946cbb-541a-44ce-8774-4fad00e0dd74.binning_data.json,7b946cbb-541a-44ce-8774-4fad00e0dd74,290.65994,com.sec.android.app.shealth,
2022-07-31 22:16:39.560,2896.33,3875,0,1659225600000,1.5277778,f7d3tEJoPd,com.sec.android.app.shealth,2022-07-31 22:16:39.560,e74ff5f2-cfe2-4779-b3e4-f419ae245a81.binning_data.json,e74ff5f2-cfe2-4779-b3e4-f419ae245a81,144.83,com.sec.android.app.shealth,
2022-08-07 22:04:28.514,12215.439,16181,0,1659830400000,1.5631666,f7d3tEJoPd,com.sec.android.app.shealth,2022-08-07 22:04:28.514,2845acff-c434-4c1e-a1dd-b796329f2b75.binning_data.json,2845acff-c434-4c1e-a1dd-b796329f2b75,594.56995,com.sec.android.app.shealth,
2022-07-30 23:29:07.193,8296.68,10870,0,1659139200000,1.672333,f7d3tEJoPd,com.sec.android.app.shealth,2022-07-30 23:29:07.193,1163b1c1-65a2-457b-9559-dc517c069630.binning_data.json,1163b1c1-65a2-457b-9559-dc517c069630,377.68,com.sec.android.app.shealth,
2022-09-10 07:42:58.375,6038.03,7794,-2,1662768000000,1.4761242,VfS0qUERdZ,com.sec.android.app.shealth,2022-09-10 21:09:33.080,679843e6-201d-44ef-82a7-d4da59bdc676.binning_data.json,679843e6-201d-44ef-82a7-d4da59bdc676,257.16998,com.sec.android.app.shealth,
2022-08-11 05:17:05.413,6097.86,7889,0,1660089600000,2.7222223,f7d3tEJoPd,com.sec.android.app.shealth,2022-08-11 05:17:05.413,7da14b32-6dbf-47fc-9882-dcff6c3d2237.binning_data.json,7da14b32-6dbf-47fc-9882-dcff6c3d2237,254.29999,com.sec.android.app.shealth,
2022-08-04 04:34:48.540,9276.27,11953,-2,1659571200000,1.5264899,VfS0qUERdZ,com.sec.android.app.shealth,2022-08-04 21:10:06.562,1b37271a-e171-48fd-a1b7-ec440fe9b015.binning_data.json,1b37271a-e171-48fd-a1b7-ec440fe9b015,377.13995,com.sec.android.app.shealth,
2022-08-03 04:35:04.808,8064.711,10420,0,1659398400000,1.8611113,f7d3tEJoPd,com.sec.android.app.shealth,2022-08-03 04:35:04.808,1ce61413-3ad2-4fb8-b3d5-9f3a1be98bf6.binning_data.json,1ce61413-3ad2-4fb8-b3d5-9f3a1be98bf6,345.12994,com.sec.android.app.shealth,
2022-09-14 22:00:02.771,8639.32,11065,0,1663113600000,1.8184996,f7d3tEJoPd,com.sec.android.app.shealth,2022-09-14 22:00:02.771,538499e9-2411-4af8-978f-e5b35750f397.binning_data.json,538499e9-2411-4af8-978f-e5b35750f397,343.13995,com.sec.android.app.shealth,
2022-08-06 07:54:06.961,5602.13,7348,0,1659657600000,2.0000002,f7d3tEJoPd,com.sec.android.app.shealth,2022-08-06 07:54:06.961,166f373d-262d-4959-aacf-76fe3a06ca4c.binning_data.json,166f373d-262d-4959-aacf-76fe3a06ca4c,256.07996,com.sec.android.app.shealth,
2022-09-13 04:33:14.108,8932.7705,11408,-2,1663027200000,1.5659794,VfS0qUERdZ,com.sec.android.app.shealth,2022-09-14 04:33:00.608,5303a9c3-a60d-4b10-a7d3-0e4a20406b3c.binning_data.json,5303a9c3-a60d-4b10-a7d3-0e4a20406b3c,364.87994,com.sec.android.app.shealth,
2022-08-13 22:00:02.061,6442.15,8260,0,1660348800000,2.2777777,f7d3tEJoPd,com.sec.android.app.shealth,2022-08-13 22:00:02.061,a55e1cce-43cc-4d24-a6b5-22405f888079.binning_data.json,a55e1cce-43cc-4d24-a6b5-22405f888079,265.43997,com.sec.android.app.shealth,
2022-08-06 22:06:37.755,12215.439,16181,-2,1659830400000,1.3265657,VfS0qUERdZ,com.sec.android.app.shealth,2022-08-07 21:09:38.620,6a55ec2a-ddba-4441-ab1a-7de7b10c3f38.binning_data.json,6a55ec2a-ddba-4441-ab1a-7de7b10c3f38,594.56995,com.sec.android.app.shealth,
2022-09-18 06:17:06.593,10371.59,13438,0,1663372800000,1.9722222,f7d3tEJoPd,com.sec.android.app.shealth,2022-09-18 06:17:06.593,753eb5c2-a82e-4c54-881f-29bea95c946a.binning_data.json,753eb5c2-a82e-4c54-881f-29bea95c946a,450.67996,com.sec.android.app.shealth,
2022-08-08 22:19:51.446,14245.17,18844,0,1659916800000,1.6944444,f7d3tEJoPd,com.sec.android.app.shealth,2022-08-08 22:19:51.446,d0cfcc55-9b82-4ed9-80a0-e36688a35386.binning_data.json,d0cfcc55-9b82-4ed9-80a0-e36688a35386,690.12994,com.sec.android.app.shealth,
2022-09-20 22:00:02.486,8176.6,10500,0,1663632000000,1.8001668,f7d3tEJoPd,com.sec.android.app.shealth,2022-09-20 22:00:02.486,26bb0055-fadd-49ac-9561-40d47ec0b5a8.binning_data.json,26bb0055-fadd-49ac-9561-40d47ec0b5a8,332.56,com.sec.android.app.shealth,
2022-08-11 22:00:01.794,6138.0,7915,0,1660176000000,2.6388888,f7d3tEJoPd,com.sec.android.app.shealth,2022-08-11 22:00:01.794,705ed9a6-3372-493d-8146-a9b0752f4d62.binning_data.json,705ed9a6-3372-493d-8146-a9b0752f4d62,255.08998,com.sec.android.app.shealth,
2022-08-17 03:37:33.123,7010.84,9100,0,1660608000000,2.0017097,f7d3tEJoPd,com.sec.android.app.shealth,2022-08-17 03:37:33.123,1a012288-9bb2-4b68-8310-e843bc2b8f54.binning_data.json,1a012288-9bb2-4b68-8310-e843bc2b8f54,301.28,com.sec.android.app.shealth,
2022-08-09 22:16:58.777,6097.86,7889,-2,1660089600000,1.4838624,VfS0qUERdZ,com.sec.android.app.shealth,2022-08-10 21:00:41.452,f9b8a121-3eea-41b1-83c7-5050830b4402.binning_data.json,f9b8a121-3eea-41b1-83c7-5050830b4402,254.29999,com.sec.android.app.shealth,
2022-09-24 05:56:52.043,5788.04,7427,0,1663891200000,1.75,f7d3tEJoPd,com.sec.android.app.shealth,2022-09-24 05:56:52.043,be5e87cb-6b7d-4da6-9b5a-56f320306e1e.binning_data.json,be5e87cb-6b7d-4da6-9b5a-56f320306e1e,235.17998,com.sec.android.app.shealth,
2022-09-16 04:28:57.000,7635.0894,9845,-2,1663286400000,1.483823,VfS0qUERdZ,com.sec.android.app.shealth,2022-09-17 06:52:16.801,9fdbcd97-5cb1-417f-8680-75a5222a3a74.binning_data.json,9fdbcd97-5cb1-417f-8680-75a5222a3a74,343.62997,com.sec.android.app.shealth,
2022-08-15 06:02:16.083,8251.63,10786,0,1660435200000,1.655,f7d3tEJoPd,com.sec.android.app.shealth,2022-08-15 06:02:16.083,fd3f1f42-8be2-4600-ae9c-cae308123b74.binning_data.json,fd3f1f42-8be2-4600-ae9c-cae308123b74,363.44,com.sec.android.app.shealth,
2022-09-27 04:32:50.076,7148.1504,9239,0,1664150400000,1.7598349,f7d3tEJoPd,com.sec.android.app.shealth,2022-09-27 04:32:50.076,26489f99-9a21-42bd-969b-c13166e888f3.binning_data.json,26489f99-9a21-42bd-969b-c13166e888f3,299.80997,com.sec.android.app.shealth,
2022-08-18 07:59:48.313,6134.44,8191,0,1660694400000,1.6678333,f7d3tEJoPd,com.sec.android.app.shealth,2022-08-18 07:59:48.313,c7030e06-e3e9-4d0e-ab5d-c6c19b30b492.binning_data.json,c7030e06-e3e9-4d0e-ab5d-c6c19b30b492,293.27997,com.sec.android.app.shealth,
2022-08-20 04:32:25.040,6077.1006,7780,0,1660867200000,2.8055553,f7d3tEJoPd,com.sec.android.app.shealth,2022-08-20 04:32:25.040,98048601-c286-4fde-bb64-e94b6e59e00b.binning_data.json,98048601-c286-4fde-bb64-e94b6e59e00b,247.84998,com.sec.android.app.shealth,
2022-08-12 22:04:22.534,6442.15,8260,-2,1660348800000,1.5443438,VfS0qUERdZ,com.sec.android.app.shealth,2022-08-13 21:27:47.264,04ddfcca-0fd8-4a82-a65a-5bb3ca8e4896.binning_data.json,04ddfcca-0fd8-4a82-a65a-5bb3ca8e4896,265.43997,com.sec.android.app.shealth,
2022-09-30 04:35:49.558,1002.43,1316,0,1664409600000,1.7036812,f7d3tEJoPd,com.sec.android.app.shealth,2022-09-30 04:35:49.558,a64b6ac2-cfa1-41d4-878c-01efbe031474.binning_data.json,a64b6ac2-cfa1-41d4-878c-01efbe031474,45.909996,com.sec.android.app.shealth,
2022-09-19 04:31:47.223,7989.281,10235,-2,1663545600000,1.5625254,VfS0qUERdZ,com.sec.android.app.shealth,2022-09-19 21:09:40.058,b704087f-ade7-475b-8855-dc952620b3e0.binning_data.json,b704087f-ade7-475b-8855-dc952620b3e0,326.94995,com.sec.android.app.shealth,
2022-08-20 22:00:01.644,7525.2603,9719,0,1660953600000,1.7222223,f7d3tEJoPd,com.sec.android.app.shealth,2022-08-20 22:00:01.644,cb8cf0da-10ab-4116-8310-5ff947b74eb8.binning_data.json,cb8cf0da-10ab-4116-8310-5ff947b74eb8,314.27,com.sec.android.app.shealth,
2022-08-22 22:00:02.083,5715.26,7341,0,1661126400000,1.7718331,f7d3tEJoPd,com.sec.android.app.shealth,2022-08-22 22:00:02.083,f85c7747-cebd-4732-858b-eb10bef27887.binning_data.json,f85c7747-cebd-4732-858b-eb10bef27887,230.09998,com.sec.android.app.shealth,
2022-08-23 22:00:01.520,10433.09,13497,0,1661212800000,1.7222222,f7d3tEJoPd,com.sec.android.app.shealth,2022-08-23 22:00:01.520,a32b9756-ef7a-45fe-a7c8-c4ba39a63509.binning_data.json,a32b9756-ef7a-45fe-a7c8-c4ba39a63509,430.09998,com.sec.android.app.shealth,
2022-08-16 06:07:30.398,7010.84,9100,-2,1660608000000,1.4573853,VfS0qUERdZ,com.sec.android.app.shealth,2022-08-17 03:37:34.032,d1afe65c-6812-497e-be34-0910ac655818.binning_data.json,d1afe65c-6812-497e-be34-0910ac655818,301.28,com.sec.android.app.shealth,
2022-09-21 22:13:33.034,11063.03,14064,-2,1663804800000,1.6225086,VfS0qUERdZ,com.sec.android.app.shealth,2022-09-22 21:35:19.119,acaae543-cc28-44e4-9709-da40c25d9eb0.binning_data.json,acaae543-cc28-44e4-9709-da40c25d9eb0,437.18997,com.sec.android.app.shealth,
2022-08-26 22:00:01.910,18675.56,24549,0,1661472000000,1.8104994,f7d3tEJoPd,com.sec.android.app.shealth,2022-08-26 22:00:01.910,93624cad-e476-4c44-87d3-32b33bd1ea3d.binning_data.json,93624cad-e476-4c44-87d3-32b33bd1ea3d,903.61993,com.sec.android.app.shealth,
2022-08-30 04:32:15.676,10184.09,13161,0,1661731200000,3.75,f7d3tEJoPd,com.sec.android.app.shealth,2022-08-30 04:32:15.676,807b2f89-6e2b-4905-b5cb-f2c648e5ac76.binning_data.json,807b2f89-6e2b-4905-b5cb-f2c648e5ac76,435.82996,com.sec.android.app.shealth,
2022-08-25 22:00:01.624,5806.3,7433,0,1661385600000,1.8333335,f7d3tEJoPd,com.sec.android.app.shealth,2022-08-25 22:00:01.624,5bff3902-aab9-4230-8a90-312fe2b1298b.binning_data.json,5bff3902-aab9-4230-8a90-312fe2b1298b,234.02,com.sec.android.app.shealth,
2022-08-19 08:06:47.161,6077.1006,7780,-2,1660867200000,1.565369,VfS0qUERdZ,com.sec.android.app.shealth,2022-08-20 04:32:25.466,c47c5046-20b1-4ca0-a130-fecd1ffe88d6.binning_data.json,c47c5046-20b1-4ca0-a130-fecd1ffe88d6,247.84998,com.sec.android.app.shealth,
2022-09-02 04:31:47.474,6519.5103,8378,0,1661990400000,1.7283332,f7d3tEJoPd,com.sec.android.app.shealth,2022-09-02 04:31:47.474,be1117db-b139-4c15-899c-06e3761a7eb6.binning_data.json,be1117db-b139-4c15-899c-06e3761a7eb6,271.34998,com.sec.android.app.shealth,
2022-09-25 07:51:36.313,6912.54,9032,-2,1664064000000,1.4081302,VfS0qUERdZ,com.sec.android.app.shealth,2022-09-26 04:33:54.481,ea6cb015-5d2e-4c9a-9b82-476619470d5b.binning_data.json,ea6cb015-5d2e-4c9a-9b82-476619470d5b,308.80997,com.sec.android.app.shealth,
2022-08-28 22:00:01.660,6592.69,8343,0,1661644800000,2.3055556,f7d3tEJoPd,com.sec.android.app.shealth,2022-08-28 22:00:01.660,71030ba5-d629-4dfe-be9d-dd1be9904873.binning_data.json,71030ba5-d629-4dfe-be9d-dd1be9904873,261.22998,com.sec.android.app.shealth,
2022-08-22 07:57:40.891,5715.26,7341,-2,1661126400000,1.544294,VfS0qUERdZ,com.sec.android.app.shealth,2022-08-22 22:00:03.272,e58670b1-1894-4349-b3c0-be0b54ea8b44.binning_data.json,e58670b1-1894-4349-b3c0-be0b54ea8b44,230.09998,com.sec.android.app.shealth,
2022-09-28 04:33:46.865,5278.24,6761,-2,1664323200000,1.5624285,VfS0qUERdZ,com.sec.android.app.shealth,2022-09-28 20:42:48.451,dd9ec8be-d4c1-4919-b335-08f413e34322.binning_data.json,dd9ec8be-d4c1-4919-b335-08f413e34322,212.97998,com.sec.android.app.shealth,
2022-08-31 22:00:01.717,8235.73,10556,0,1661904000000,1.8055556,f7d3tEJoPd,com.sec.android.app.shealth,2022-08-31 22:00:01.717,57dd2145-d9cc-437b-86de-b7444d2cb876.binning_data.json,57dd2145-d9cc-437b-86de-b7444d2cb876,336.02994,com.sec.android.app.shealth,
2022-09-04 22:08:30.355,5959.7197,7669,0,1662249600000,1.8333335,f7d3tEJoPd,com.sec.android.app.shealth,2022-09-04 22:08:30.355,07f667bb-7f81-493f-ad5f-f4b2ce000ad9.binning_data.json,07f667bb-7f81-493f-ad5f-f4b2ce000ad9,239.34,com.sec.android.app.shealth,
2022-10-01 07:59:46.071,842.71014,1085,-2,1664582400000,1.4231062,VfS0qUERdZ,com.sec.android.app.shealth,2022-10-01 22:00:04.074,dc4a9bc2-f109-45b0-b56f-b80e01a615b5.binning_data.json,dc4a9bc2-f109-45b0-b56f-b80e01a615b5,37.88999,com.sec.android.app.shealth,
2022-09-03 22:00:01.506,3256.9,4308,0,1662163200000,2.0000002,f7d3tEJoPd,com.sec.android.app.shealth,2022-09-03 22:00:01.506,adfe8a17-cbbf-4af4-9874-f6dd6dc4f81d.binning_data.json,adfe8a17-cbbf-4af4-9874-f6dd6dc4f81d,155.31999,com.sec.android.app.shealth,
2022-09-08 04:31:02.630,7347.251,9358,0,1662508800000,1.8188337,f7d3tEJoPd,com.sec.android.app.shealth,2022-09-08 04:31:02.630,bec5c646-1e2f-4ea4-901d-441f45cbf7f5.binning_data.json,bec5c646-1e2f-4ea4-901d-441f45cbf7f5,290.65994,com.sec.android.app.shealth,
2022-09-06 22:00:01.696,6917.5605,8921,0,1662422400000,1.8611113,f7d3tEJoPd,com.sec.android.app.shealth,2022-09-06 22:00:01.696,0440662e-097b-4a54-956a-b7e408d38088.binning_data.json,0440662e-097b-4a54-956a-b7e408d38088,293.87997,com.sec.android.app.shealth,
2022-09-11 07:01:58.163,6038.03,7794,0,1662768000000,2.5555558,f7d3tEJoPd,com.sec.android.app.shealth,2022-09-11 07:01:58.163,3ef123f6-0949-4929-9aa2-1f96e0a9ee13.binning_data.json,3ef123f6-0949-4929-9aa2-1f96e0a9ee13,257.16998,com.sec.android.app.shealth,
2022-08-25 07:40:50.953,5806.3,7433,-2,1661385600000,1.5641469,VfS0qUERdZ,com.sec.android.app.shealth,2022-08-25 22:00:02.869,37bbc4c3-5593-4d26-9eb6-c7e03084eb1a.binning_data.json,37bbc4c3-5593-4d26-9eb6-c7e03084eb1a,234.02,com.sec.android.app.shealth,
2022-09-10 07:25:57.723,8064.311,10313,0,1662681600000,1.824703,f7d3tEJoPd,com.sec.android.app.shealth,2022-09-10 07:25:57.723,ef78745a-39d0-4e49-94ec-59187c53398b.binning_data.json,ef78745a-39d0-4e49-94ec-59187c53398b,325.22995,com.sec.android.app.shealth,
2022-09-14 04:32:59.468,8932.7705,11408,0,1663027200000,2.3333333,f7d3tEJoPd,com.sec.android.app.shealth,2022-09-14 04:32:59.468,22517775-cd90-4fff-947f-712f576871fb.binning_data.json,22517775-cd90-4fff-947f-712f576871fb,364.87994,com.sec.android.app.shealth,
2022-09-11 22:09:37.792,6363.8203,8328,0,1662854400000,1.9444443,f7d3tEJoPd,com.sec.android.app.shealth,2022-09-11 22:09:37.792,02038576-045c-4168-b3b1-62fa522d45dd.binning_data.json,02038576-045c-4168-b3b1-62fa522d45dd,287.64996,com.sec.android.app.shealth,
2022-09-17 06:52:16.157,7635.0894,9845,0,1663286400000,2.4257288,f7d3tEJoPd,com.sec.android.app.shealth,2022-09-17 06:52:16.157,b82e37b0-15bd-41c4-8a1f-9f8d8589eb99.binning_data.json,b82e37b0-15bd-41c4-8a1f-9f8d8589eb99,343.62997,com.sec.android.app.shealth,
2022-08-28 08:18:19.216,6592.69,8343,-2,1661644800000,1.6516894,VfS0qUERdZ,com.sec.android.app.shealth,2022-08-28 20:49:16.657,e3392307-1fd5-4465-ba5e-c62dad2f4b66.binning_data.json,e3392307-1fd5-4465-ba5e-c62dad2f4b66,261.22998,com.sec.android.app.shealth,
2022-09-16 04:27:13.224,8050.341,10325,0,1663200000000,1.9166666,f7d3tEJoPd,com.sec.android.app.shealth,2022-09-16 04:27:13.224,8f908ab9-eb25-481f-8963-58efefbb084c.binning_data.json,8f908ab9-eb25-481f-8963-58efefbb084c,328.76996,com.sec.android.app.shealth,
2022-09-20 04:31:13.053,7989.281,10235,0,1663545600000,2.5,f7d3tEJoPd,com.sec.android.app.shealth,2022-09-20 04:31:13.053,8d1830d5-e5e8-45a4-8b81-68920a81746f.binning_data.json,8d1830d5-e5e8-45a4-8b81-68920a81746f,326.94995,com.sec.android.app.shealth,
2022-09-18 22:14:07.139,6101.58,7803,0,1663459200000,1.8888332,f7d3tEJoPd,com.sec.android.app.shealth,2022-09-18 22:14:07.139,6201f200-e374-47f7-aded-ca63cb15b189.binning_data.json,6201f200-e374-47f7-aded-ca63cb15b189,243.87999,com.sec.android.app.shealth,
2022-08-31 04:55:55.076,8235.73,10556,-2,1661904000000,1.5553879,VfS0qUERdZ,com.sec.android.app.shealth,2022-08-31 21:43:05.394,1d2abab6-966a-4a09-91bc-98be32edd0dd.binning_data.json,1d2abab6-966a-4a09-91bc-98be32edd0dd,336.02994,com.sec.android.app.shealth,
2022-09-21 22:00:02.188,7208.751,9242,0,1663718400000,1.8065981,f7d3tEJoPd,com.sec.android.app.shealth,2022-09-21 22:00:02.188,9f7053d2-178d-4038-bf13-b0165fcb7adb.binning_data.json,9f7053d2-178d-4038-bf13-b0165fcb7adb,296.02997,com.sec.android.app.shealth,
2022-09-25 06:12:00.325,4370.67,5745,0,1663977600000,1.7465116,f7d3tEJoPd,com.sec.android.app.shealth,2022-09-25 06:12:00.325,4f334c8a-58dc-4403-b0d2-c2b9d6c60d4b.binning_data.json,4f334c8a-58dc-4403-b0d2-c2b9d6c60d4b,203.28,com.sec.android.app.shealth,
2022-09-22 22:02:58.710,11063.03,14064,0,1663804800000,1.9361669,f7d3tEJoPd,com.sec.android.app.shealth,2022-09-22 22:02:58.710,a13b7587-1ab1-41dc-8b00-a6e7c8783d19.binning_data.json,a13b7587-1ab1-41dc-8b00-a6e7c8783d19,437.18997,com.sec.android.app.shealth,
2022-09-28 04:33:32.587,6361.8506,8215,0,1664236800000,1.778925,f7d3tEJoPd,com.sec.android.app.shealth,2022-09-28 04:33:32.587,574a232a-944e-4927-b50e-a34802de033b.binning_data.json,574a232a-944e-4927-b50e-a34802de033b,264.02997,com.sec.android.app.shealth,
2022-09-03 07:15:08.888,3256.9,4308,-2,1662163200000,1.3192432,VfS0qUERdZ,com.sec.android.app.shealth,2022-09-03 21:59:21.440,fb504a48-5685-4eec-a280-608faee41111.binning_data.json,fb504a48-5685-4eec-a280-608faee41111,155.31999,com.sec.android.app.shealth,
2022-10-01 06:40:17.913,1039.8,1362,0,1664496000000,1.8888888,f7d3tEJoPd,com.sec.android.app.shealth,2022-10-01 06:40:17.913,821b5f50-c08a-4473-a4d0-e85200114c79.binning_data.json,821b5f50-c08a-4473-a4d0-e85200114c79,47.34,com.sec.android.app.shealth,
2022-09-06 04:32:45.345,6917.5605,8921,-2,1662422400000,1.5054619,VfS0qUERdZ,com.sec.android.app.shealth,2022-09-06 21:46:09.429,c40ca8b1-6e14-4995-8516-9f3d311e9eb7.binning_data.json,c40ca8b1-6e14-4995-8516-9f3d311e9eb7,293.87997,com.sec.android.app.shealth,
2022-09-26 04:33:53.621,6912.54,9032,0,1664064000000,1.8611113,f7d3tEJoPd,com.sec.android.app.shealth,2022-09-26 04:33:53.621,5fe9bfc0-c8a4-463a-b8d9-b7b9adcb73a8.binning_data.json,5fe9bfc0-c8a4-463a-b8d9-b7b9adcb73a8,308.80997,com.sec.android.app.shealth,
2022-09-09 04:28:32.279,8064.311,10313,-2,1662681600000,1.5753665,VfS0qUERdZ,com.sec.android.app.shealth,2022-09-09 20:55:21.363,7a6fe815-4481-4c44-b96d-b2f6af7332fb.binning_data.json,7a6fe815-4481-4c44-b96d-b2f6af7332fb,325.22995,com.sec.android.app.shealth,
2022-09-29 04:33:35.522,5278.24,6761,0,1664323200000,1.8134996,f7d3tEJoPd,com.sec.android.app.shealth,2022-09-29 04:33:35.522,2c224ae3-080b-4793-9f03-db30758dba38.binning_data.json,2c224ae3-080b-4793-9f03-db30758dba38,212.97998,com.sec.android.app.shealth,
2022-10-01 22:00:02.471,842.71014,1085,0,1664582400000,6.9444447,f7d3tEJoPd,com.sec.android.app.shealth,2022-10-01 22:00:02.471,38280cae-cbec-4ba8-a375-1ce2f0ba9732.binning_data.json,38280cae-cbec-4ba8-a375-1ce2f0ba9732,37.88999,com.sec.android.app.shealth,
2022-09-11 22:09:37.770,8071.8604,10309,0,1662940800000,1.7773331,f7d3tEJoPd,com.sec.android.app.shealth,2022-09-13 04:26:21.277,be383a5a-99e2-4090-bd5c-3d571db54205.binning_data.json,be383a5a-99e2-4090-bd5c-3d571db54205,323.11,com.sec.android.app.shealth,
2022-09-15 04:39:52.718,8050.341,10325,-2,1663200000000,1.5543433,VfS0qUERdZ,com.sec.android.app.shealth,2022-09-16 04:27:14.587,48b81873-8201-4907-9b82-765cb865a726.binning_data.json,48b81873-8201-4907-9b82-765cb865a726,328.76996,com.sec.android.app.shealth,
2022-09-18 06:22:13.890,6101.58,7803,-2,1663459200000,1.5827694,VfS0qUERdZ,com.sec.android.app.shealth,2022-09-18 19:16:13.795,5181ccb9-bbb2-4c0a-bd62-37c4c4b589ee.binning_data.json,5181ccb9-bbb2-4c0a-bd62-37c4c4b589ee,243.87999,com.sec.android.app.shealth,
2022-09-20 22:02:26.548,7208.751,9242,-2,1663718400000,1.5606158,VfS0qUERdZ,com.sec.android.app.shealth,2022-09-21 21:50:40.351,148b2b1e-7f0c-43bd-9dbb-bfd7f3dfa2f9.binning_data.json,148b2b1e-7f0c-43bd-9dbb-bfd7f3dfa2f9,296.02997,com.sec.android.app.shealth,
2022-09-24 06:22:57.069,4370.67,5745,-2,1663977600000,1.374277,VfS0qUERdZ,com.sec.android.app.shealth,2022-09-25 06:12:00.972,683115ef-6a82-462d-aa11-41292f3b151e.binning_data.json,683115ef-6a82-462d-aa11-41292f3b151e,203.28,com.sec.android.app.shealth,
2022-09-27 04:35:02.252,6361.8506,8215,-2,1664236800000,1.5053762,VfS0qUERdZ,com.sec.android.app.shealth,2022-09-27 20:31:43.715,0f349154-a271-4092-8339-aaa240c90809.binning_data.json,0f349154-a271-4092-8339-aaa240c90809,264.02997,com.sec.android.app.shealth,
2022-09-30 04:59:14.185,1039.8,1362,-2,1664496000000,1.3923337,VfS0qUERdZ,com.sec.android.app.shealth,2022-09-30 21:20:43.547,ba47179e-c488-43fd-9082-27e3ebdd05c3.binning_data.json,ba47179e-c488-43fd-9082-27e3ebdd05c3,47.34,com.sec.android.app.shealth,